Cell.type,Immunity,Name_in_19cell,hgnc_symbol,entrezgene_id,ensembl_gene_id
Activated B cell,Adaptive,B cell activated,IGHM,3507,ENSG00000211899
Activated B cell,Adaptive,B cell activated,IGKC,3514,ENSG00000211592
Activated B cell,Adaptive,B cell activated,CLEC17A,388512,ENSG00000187912
Activated B cell,Adaptive,B cell activated,CLEC9A,283420,ENSG00000197992
Activated B cell,Adaptive,B cell activated,CLECL1,160365,ENSG00000184293
Activated B cell,Adaptive,B cell activated,AKNA,80709,ENSG00000106948
Activated B cell,Adaptive,B cell activated,FCRL2,79368,ENSG00000132704
Activated B cell,Adaptive,B cell activated,BACH2,60468,ENSG00000112182
Activated B cell,Adaptive,B cell activated,MICAL3,57553,ENSG00000243156
Activated B cell,Adaptive,B cell activated,ADAM28,10863,ENSG00000042980
Activated B cell,Adaptive,B cell activated,ARHGAP25,9938,ENSG00000163219
Activated B cell,Adaptive,B cell activated,TCL1A,8115,ENSG00000100721
Activated B cell,Adaptive,B cell activated,SPIB,6689,ENSG00000269404
Activated B cell,Adaptive,B cell activated,CCL21,6366,ENSG00000137077
Activated B cell,Adaptive,B cell activated,PNOC,5368,ENSG00000168081
Activated B cell,Adaptive,B cell activated,CD180,4064,ENSG00000134061
Activated B cell,Adaptive,B cell activated,HLA-DOB,3112,ENSG00000241106
Activated B cell,Adaptive,B cell activated,GNG7,2788,ENSG00000176533
Activated B cell,Adaptive,B cell activated,CR2,1380,ENSG00000117322
Activated B cell,Adaptive,B cell activated,CD79B,974,ENSG00000007312
Activated B cell,Adaptive,B cell activated,CD38,952,ENSG00000004468
Activated B cell,Adaptive,B cell activated,CD27,939,ENSG00000139193
Activated B cell,Adaptive,B cell activated,MS4A1,931,ENSG00000156738
Activated B cell,Adaptive,B cell activated,CD19,930,ENSG00000177455
Activated B cell,Adaptive,B cell activated,BLK,640,ENSG00000136573
Activated B cell,Adaptive,B cell activated,TNFRSF17,608,ENSG00000048462
Activated CD4 T cell,Adaptive,CD4 T cell activated,RTKN2,219790,ENSG00000182010
Activated CD4 T cell,Adaptive,CD4 T cell activated,ESCO2,157570,ENSG00000171320
Activated CD4 T cell,Adaptive,CD4 T cell activated,BRIP1,83990,ENSG00000136492
Activated CD4 T cell,Adaptive,CD4 T cell activated,NUF2,83540,ENSG00000143228
Activated CD4 T cell,Adaptive,CD4 T cell activated,SAMSN1,64092,ENSG00000155307
Activated CD4 T cell,Adaptive,CD4 T cell activated,EXOC6,54536,ENSG00000138190
Activated CD4 T cell,Adaptive,CD4 T cell activated,TRAT1,50852,ENSG00000163519
Activated CD4 T cell,Adaptive,CD4 T cell activated,PSAT1,29968,ENSG00000135069
Activated CD4 T cell,Adaptive,CD4 T cell activated,KNTC1,9735,ENSG00000184445
Activated CD4 T cell,Adaptive,CD4 T cell activated,AIM2,9447,ENSG00000163568
Activated CD4 T cell,Adaptive,CD4 T cell activated,EXO1,9156,ENSG00000174371
Activated CD4 T cell,Adaptive,CD4 T cell activated,PRC1,9055,ENSG00000198901
Activated CD4 T cell,Adaptive,CD4 T cell activated,SELL,6402,ENSG00000188404
Activated CD4 T cell,Adaptive,CD4 T cell activated,CCL20,6364,ENSG00000115009
Activated CD4 T cell,Adaptive,CD4 T cell activated,CCL5,6352,ENSG00000271503
Activated CD4 T cell,Adaptive,CD4 T cell activated,CCL4,6351,ENSG00000275302
Activated CD4 T cell,Adaptive,CD4 T cell activated,RGS1,5996,ENSG00000090104
Activated CD4 T cell,Adaptive,CD4 T cell activated,KIF11,3832,ENSG00000138160
Activated CD4 T cell,Adaptive,CD4 T cell activated,ITK,3702,ENSG00000113263
Activated CD4 T cell,Adaptive,CD4 T cell activated,IARS,3376,ENSG00000196305
Activated CD4 T cell,Adaptive,CD4 T cell activated,ETS1,2113,ENSG00000134954
Activated CD4 T cell,Adaptive,CD4 T cell activated,DUSP2,1844,ENSG00000158050
Activated CD4 T cell,Adaptive,CD4 T cell activated,CCR7,1236,ENSG00000126353
Activated CD4 T cell,Adaptive,CD4 T cell activated,CCNB1,891,ENSG00000134057
Activated CD4 T cell,Adaptive,CD4 T cell activated,BIRC3,330,ENSG00000023445
Activated CD8 T cell,Adaptive,CD8 T cell activated,PIK3IP1,113791,ENSG00000100100
Activated CD8 T cell,Adaptive,CD8 T cell activated,GPT2,84706,ENSG00000166123
Activated CD8 T cell,Adaptive,CD8 T cell activated,GEMIN6,79833,ENSG00000152147
Activated CD8 T cell,Adaptive,CD8 T cell activated,PTRH2,51651,ENSG00000141378
Activated CD8 T cell,Adaptive,CD8 T cell activated,C1GALT1C1,29071,ENSG00000171155
Activated CD8 T cell,Adaptive,CD8 T cell activated,TIMM13,26517,ENSG00000099800
Activated CD8 T cell,Adaptive,CD8 T cell activated,ADRM1,11047,ENSG00000130706
Activated CD8 T cell,Adaptive,CD8 T cell activated,CCT6B,10693,ENSG00000132141
Activated CD8 T cell,Adaptive,CD8 T cell activated,AHSA1,10598,ENSG00000100591
Activated CD8 T cell,Adaptive,CD8 T cell activated,GNLY,10578,ENSG00000115523
Activated CD8 T cell,Adaptive,CD8 T cell activated,MPZL1,9019,ENSG00000197965
Activated CD8 T cell,Adaptive,CD8 T cell activated,ZAP70,7535,ENSG00000115085
Activated CD8 T cell,Adaptive,CD8 T cell activated,NKG7,4818,ENSG00000105374
Activated CD8 T cell,Adaptive,CD8 T cell activated,LCK,3932,ENSG00000182866
Activated CD8 T cell,Adaptive,CD8 T cell activated,IL2RB,3560,ENSG00000100385
Activated CD8 T cell,Adaptive,CD8 T cell activated,GZMK,3003,ENSG00000113088
Activated CD8 T cell,Adaptive,CD8 T cell activated,GZMA,3001,ENSG00000145649
Activated CD8 T cell,Adaptive,CD8 T cell activated,GZMH,2999,ENSG00000100450
Activated CD8 T cell,Adaptive,CD8 T cell activated,CSE1L,1434,ENSG00000124207
Activated CD8 T cell,Adaptive,CD8 T cell activated,CETN3,1070,ENSG00000153140
Activated CD8 T cell,Adaptive,CD8 T cell activated,CD69,969,ENSG00000110848
Activated CD8 T cell,Adaptive,CD8 T cell activated,CD37,951,ENSG00000104894
Activated CD8 T cell,Adaptive,CD8 T cell activated,CD8A,925,ENSG00000153563
Activated CD8 T cell,Adaptive,CD8 T cell activated,CD3G,917,ENSG00000160654
Activated CD8 T cell,Adaptive,CD8 T cell activated,CD3E,916,ENSG00000198851
Activated CD8 T cell,Adaptive,CD8 T cell activated,CD3D,915,ENSG00000167286
Activated dendritic cell,Innate,Dendritic cells activated,ATP5B,506,ENSG00000110955
Activated dendritic cell,Innate,Dendritic cells activated,ATP5L,10632,ENSG00000167283
Activated dendritic cell,Innate,Dendritic cells activated,CCL3L3,414062,ENSG00000276085
Activated dendritic cell,Innate,Dendritic cells activated,TREML1,340205,ENSG00000161911
Activated dendritic cell,Innate,Dendritic cells activated,TREML4,285852,ENSG00000188056
Activated dendritic cell,Innate,Dendritic cells activated,CLEC4C,170482,ENSG00000198178
Activated dendritic cell,Innate,Dendritic cells activated,SLAMF9,89886,ENSG00000162723
Activated dendritic cell,Innate,Dendritic cells activated,SPCS3,60559,ENSG00000129128
Activated dendritic cell,Innate,Dendritic cells activated,TREM1,54210,ENSG00000124731
Activated dendritic cell,Innate,Dendritic cells activated,SLC25A37,51312,ENSG00000147454
Activated dendritic cell,Innate,Dendritic cells activated,CD207,50489,ENSG00000116031
Activated dendritic cell,Innate,Dendritic cells activated,XPO6,23214,ENSG00000169180
Activated dendritic cell,Innate,Dendritic cells activated,UBD,10537,ENSG00000213886
Activated dendritic cell,Innate,Dendritic cells activated,ACTR3,10096,ENSG00000115091
Activated dendritic cell,Innate,Dendritic cells activated,SRA1,10011,ENSG00000213523
Activated dendritic cell,Innate,Dendritic cells activated,CD302,9936,ENSG00000241399
Activated dendritic cell,Innate,Dendritic cells activated,SNURF,8926,ENSG00000273173
Activated dendritic cell,Innate,Dendritic cells activated,CCNA1,8900,ENSG00000133101
Activated dendritic cell,Innate,Dendritic cells activated,VNN2,8875,ENSG00000112303
Activated dendritic cell,Innate,Dendritic cells activated,SIGLEC5,8778,ENSG00000105501
Activated dendritic cell,Innate,Dendritic cells activated,TNFRSF6B,8771,ENSG00000243509
Activated dendritic cell,Innate,Dendritic cells activated,TNFSF14,8740,ENSG00000125735
Activated dendritic cell,Innate,Dendritic cells activated,TNFAIP2,7127,ENSG00000185215
Activated dendritic cell,Innate,Dendritic cells activated,SLA,6503,ENSG00000155926
Activated dendritic cell,Innate,Dendritic cells activated,RAB1A,5861,ENSG00000138069
Activated dendritic cell,Innate,Dendritic cells activated,NOS2,4843,ENSG00000007171
Activated dendritic cell,Innate,Dendritic cells activated,HLA-DQA2,3118,ENSG00000237541
Activated dendritic cell,Innate,Dendritic cells activated,CEACAM8,1088,ENSG00000124469
Activated dendritic cell,Innate,Dendritic cells activated,CAPG,822,ENSG00000042493
Activated dendritic cell,Innate,Dendritic cells activated,C1QC,714,ENSG00000159189
Activated dendritic cell,Innate,Dendritic cells activated,C1QB,713,ENSG00000173369
Activated dendritic cell,Innate,Dendritic cells activated,BCL2L1,598,ENSG00000171552
Activated dendritic cell,Innate,Dendritic cells activated,ATP6V1A,523,ENSG00000114573
Activated dendritic cell,Innate,Dendritic cells activated,RHOA,387,ENSG00000067560
Activated dendritic cell,Innate,Dendritic cells activated,ABCD1,215,ENSG00000101986
CD56bright natural killer cell,Innate,NK resting,C11orf75,56935,ENSG00000166002
CD56bright natural killer cell,Innate,NK resting,ClQA,712,ENSG00000173372
CD56bright natural killer cell,Innate,NK resting,ClQB,713,ENSG00000173369
CD56bright natural killer cell,Innate,NK resting,CTPS,1503,ENSG00000171793
CD56bright natural killer cell,Innate,NK resting,FAM119A,151194,ENSG00000144401
CD56bright natural killer cell,Innate,NK resting,FAM179A,165186,ENSG00000189350
CD56bright natural killer cell,Innate,NK resting,HDGFRP2,84717,ENSG00000167674
CD56bright natural killer cell,Innate,NK resting,CREB3L4,148327,ENSG00000143578
CD56bright natural killer cell,Innate,NK resting,MYL6B,140465,ENSG00000196465
CD56bright natural killer cell,Innate,NK resting,CDHR1,92211,ENSG00000148600
CD56bright natural killer cell,Innate,NK resting,ELMOD3,84173,ENSG00000115459
CD56bright natural killer cell,Innate,NK resting,NAA16,79612,ENSG00000172766
CD56bright natural killer cell,Innate,NK resting,BCL11B,64919,ENSG00000127152
CD56bright natural killer cell,Innate,NK resting,MLST8,64223,ENSG00000167965
CD56bright natural killer cell,Innate,NK resting,C5orf15,56951,ENSG00000113583
CD56bright natural killer cell,Innate,NK resting,DCAF12,25853,ENSG00000198876
CD56bright natural killer cell,Innate,NK resting,HEY1,23462,ENSG00000164683
CD56bright natural killer cell,Innate,NK resting,HCP5,10866,ENSG00000206337
CD56bright natural killer cell,Innate,NK resting,EIF3M,10480,ENSG00000149100
CD56bright natural killer cell,Innate,NK resting,FST,10468,ENSG00000134363
CD56bright natural killer cell,Innate,NK resting,HS3ST1,9957,ENSG00000002587
CD56bright natural killer cell,Innate,NK resting,HS2ST1,9653,ENSG00000153936
CD56bright natural killer cell,Innate,NK resting,COX7A2L,9167,ENSG00000115944
CD56bright natural killer cell,Innate,NK resting,DYNLL1,8655,ENSG00000088986
CD56bright natural killer cell,Innate,NK resting,GPR137B,7107,ENSG00000077585
CD56bright natural killer cell,Innate,NK resting,KRT86,3892,ENSG00000170442
CD56bright natural killer cell,Innate,NK resting,HOXA1,3198,ENSG00000105991
CD56bright natural killer cell,Innate,NK resting,HDC,3067,ENSG00000140287
CD56bright natural killer cell,Innate,NK resting,GMPR,2766,ENSG00000137198
CD56bright natural killer cell,Innate,NK resting,GATA2,2624,ENSG00000179348
CD56bright natural killer cell,Innate,NK resting,CYP27B1,1594,ENSG00000111012
CD56bright natural killer cell,Innate,NK resting,CTSD,1509,ENSG00000117984
CD56bright natural killer cell,Innate,NK resting,CSTB,1476,ENSG00000160213
CD56bright natural killer cell,Innate,NK resting,CSTA,1475,ENSG00000121552
CD56bright natural killer cell,Innate,NK resting,CSNK2A2,1459,ENSG00000070770
CD56bright natural killer cell,Innate,NK resting,CSF1,1435,ENSG00000184371
CD56bright natural killer cell,Innate,NK resting,CLIC2,1193,ENSG00000155962
CD56bright natural killer cell,Innate,NK resting,CDH3,1001,ENSG00000062038
CD56bright natural killer cell,Innate,NK resting,ENTPD5,957,ENSG00000187097
CD56bright natural killer cell,Innate,NK resting,ABAT,18,ENSG00000183044
Central memory CD4 T cell,Adaptive,CD4 T cell resting,ANXA2P2,304,ENSG00000231991
Central memory CD4 T cell,Adaptive,CD4 T cell resting,ATHL1,80162,ENSG00000142102
Central memory CD4 T cell,Adaptive,CD4 T cell resting,PKM2,5315,ENSG00000067225
Central memory CD4 T cell,Adaptive,CD4 T cell resting,ABHD3,171586,ENSG00000158201
Central memory CD4 T cell,Adaptive,CD4 T cell resting,SFXN3,81855,ENSG00000107819
Central memory CD4 T cell,Adaptive,CD4 T cell resting,AHNAK,79026,ENSG00000124942
Central memory CD4 T cell,Adaptive,CD4 T cell resting,ELMO2,63916,ENSG00000062598
Central memory CD4 T cell,Adaptive,CD4 T cell resting,SIRPG,55423,ENSG00000089012
Central memory CD4 T cell,Adaptive,CD4 T cell resting,BZW2,28969,ENSG00000136261
Central memory CD4 T cell,Adaptive,CD4 T cell resting,GLIPR1,11010,ENSG00000139278
Central memory CD4 T cell,Adaptive,CD4 T cell resting,IFITM2,10581,ENSG00000185201
Central memory CD4 T cell,Adaptive,CD4 T cell resting,TRADD,8717,ENSG00000102871
Central memory CD4 T cell,Adaptive,CD4 T cell resting,VIM,7431,ENSG00000026025
Central memory CD4 T cell,Adaptive,CD4 T cell resting,STX4,6810,ENSG00000103496
Central memory CD4 T cell,Adaptive,CD4 T cell resting,NDUFB9,4715,ENSG00000147684
Central memory CD4 T cell,Adaptive,CD4 T cell resting,SMAD4,4089,ENSG00000141646
Central memory CD4 T cell,Adaptive,CD4 T cell resting,LSP1,4046,ENSG00000130592
Central memory CD4 T cell,Adaptive,CD4 T cell resting,ITGB2,3689,ENSG00000160255
Central memory CD4 T cell,Adaptive,CD4 T cell resting,ITGB1,3688,ENSG00000150093
Central memory CD4 T cell,Adaptive,CD4 T cell resting,GSS,2937,ENSG00000100983
Central memory CD4 T cell,Adaptive,CD4 T cell resting,XRCC6,2547,ENSG00000196419
Central memory CD4 T cell,Adaptive,CD4 T cell resting,FYN,2534,ENSG00000010810
Central memory CD4 T cell,Adaptive,CD4 T cell resting,CYLD,1540,ENSG00000083799
Central memory CD4 T cell,Adaptive,CD4 T cell resting,COL4A1,1282,ENSG00000187498
Central memory CD4 T cell,Adaptive,CD4 T cell resting,CD63,967,ENSG00000135404
Central memory CD4 T cell,Adaptive,CD4 T cell resting,KLF5,688,ENSG00000102554
Central memory CD4 T cell,Adaptive,CD4 T cell resting,BMI1,648,ENSG00000168283
Central memory CD4 T cell,Adaptive,CD4 T cell resting,AQP3,360,ENSG00000165272
Central memory CD8 T cell,Adaptive,CD8 T cell resting,ULBP1,80329,ENSG00000111981
Central memory CD8 T cell,Adaptive,CD8 T cell resting,RNF128,79589,ENSG00000133135
Central memory CD8 T cell,Adaptive,CD8 T cell resting,NOL11,25926,ENSG00000130935
Central memory CD8 T cell,Adaptive,CD8 T cell resting,TOX4,9878,ENSG00000092203
Central memory CD8 T cell,Adaptive,CD8 T cell resting,TNFRSF11A,8792,ENSG00000141655
Central memory CD8 T cell,Adaptive,CD8 T cell resting,ADAM12,8038,ENSG00000148848
Central memory CD8 T cell,Adaptive,CD8 T cell resting,UBA52,7311,ENSG00000221983
Central memory CD8 T cell,Adaptive,CD8 T cell resting,SIGLEC1,6614,ENSG00000088827
Central memory CD8 T cell,Adaptive,CD8 T cell resting,RARA,5914,ENSG00000131759
Central memory CD8 T cell,Adaptive,CD8 T cell resting,NTRK1,4914,ENSG00000198400
Central memory CD8 T cell,Adaptive,CD8 T cell resting,IL1RN,3557,ENSG00000136689
Central memory CD8 T cell,Adaptive,CD8 T cell resting,GUSB,2990,ENSG00000169919
Central memory CD8 T cell,Adaptive,CD8 T cell resting,GM2A,2760,ENSG00000196743
Central memory CD8 T cell,Adaptive,CD8 T cell resting,GLUD1,2746,ENSG00000148672
Central memory CD8 T cell,Adaptive,CD8 T cell resting,FKBP4,2288,ENSG00000004478
Central memory CD8 T cell,Adaptive,CD8 T cell resting,FGF7,2252,ENSG00000140285
Central memory CD8 T cell,Adaptive,CD8 T cell resting,FCGR3B,2215,ENSG00000162747
Central memory CD8 T cell,Adaptive,CD8 T cell resting,FCER1G,2207,ENSG00000158869
Central memory CD8 T cell,Adaptive,CD8 T cell resting,F13A1,2162,ENSG00000124491
Central memory CD8 T cell,Adaptive,CD8 T cell resting,ADCY9,115,ENSG00000162104
Central memory CD8 T cell,Adaptive,CD8 T cell resting,ACTN4,81,ENSG00000130402
Eosinophil,Innate,Eosinophils,EMR3,84658,ENSG00000131355
Eosinophil,Innate,Eosinophils,KRT18P50,442236,ENSG00000219941
Eosinophil,Innate,Eosinophils,PKD2L2,27039,ENSG00000078795
Eosinophil,Innate,Eosinophils,DAPK2,23604,ENSG00000035664
Eosinophil,Innate,Eosinophils,RRP12,23223,ENSG00000052749
Eosinophil,Innate,Eosinophils,ST3GAL6,10402,ENSG00000064225
Eosinophil,Innate,Eosinophils,P2RY14,9934,ENSG00000174944
Eosinophil,Innate,Eosinophils,DEPDC5,9681,ENSG00000100150
Eosinophil,Innate,Eosinophils,GPR65,8477,ENSG00000140030
Eosinophil,Innate,Eosinophils,NR4A3,8013,ENSG00000119508
Eosinophil,Innate,Eosinophils,PDE6C,5146,ENSG00000095464
Eosinophil,Innate,Eosinophils,LRMP,4033,ENSG00000118308
Eosinophil,Innate,Eosinophils,IL5RA,3568,ENSG00000091181
Eosinophil,Innate,Eosinophils,GIPR,2696,ENSG00000010310
Eosinophil,Innate,Eosinophils,FOSB,2354,ENSG00000125740
Eosinophil,Innate,Eosinophils,GPR183,1880,ENSG00000169508
Eosinophil,Innate,Eosinophils,DACH1,1602,ENSG00000276644
Gamma delta T cell,Adaptive,T gamma delta,MEIS3P1,4213,ENSG00000179277
Gamma delta T cell,Adaptive,T gamma delta,LCORL,254251,ENSG00000178177
Gamma delta T cell,Adaptive,T gamma delta,KRT80,144501,ENSG00000167767
Gamma delta T cell,Adaptive,T gamma delta,C1orf54,79630,ENSG00000118292
Gamma delta T cell,Adaptive,T gamma delta,KLHL7,55975,ENSG00000122550
Gamma delta T cell,Adaptive,T gamma delta,KLRF1,51348,ENSG00000150045
Gamma delta T cell,Adaptive,T gamma delta,CD209,30835,ENSG00000090659
Gamma delta T cell,Adaptive,T gamma delta,DBNL,28988,ENSG00000136279
Gamma delta T cell,Adaptive,T gamma delta,CARD8,22900,ENSG00000105483
Gamma delta T cell,Adaptive,T gamma delta,BTN3A2,11118,ENSG00000186470
Gamma delta T cell,Adaptive,T gamma delta,MFAP3L,9848,ENSG00000198948
Gamma delta T cell,Adaptive,T gamma delta,MINPP1,9562,ENSG00000107789
Gamma delta T cell,Adaptive,T gamma delta,FADD,8772,ENSG00000168040
Gamma delta T cell,Adaptive,T gamma delta,CCL18,6362,ENSG00000275385
Gamma delta T cell,Adaptive,T gamma delta,CCL13,6357,ENSG00000181374
Gamma delta T cell,Adaptive,T gamma delta,RPS24,6229,ENSG00000138326
Gamma delta T cell,Adaptive,T gamma delta,RPS9,6203,ENSG00000170889
Gamma delta T cell,Adaptive,T gamma delta,RPS7,6201,ENSG00000171863
Gamma delta T cell,Adaptive,T gamma delta,MAPK7,5598,ENSG00000166484
Gamma delta T cell,Adaptive,T gamma delta,MPL,4352,ENSG00000117400
Gamma delta T cell,Adaptive,T gamma delta,LMNB1,4001,ENSG00000113368
Gamma delta T cell,Adaptive,T gamma delta,LGALS1,3956,ENSG00000100097
Gamma delta T cell,Adaptive,T gamma delta,LAMC1,3915,ENSG00000135862
Gamma delta T cell,Adaptive,T gamma delta,IL10RB,3588,ENSG00000243646
Gamma delta T cell,Adaptive,T gamma delta,FABP5,2171,ENSG00000164687
Gamma delta T cell,Adaptive,T gamma delta,FABP1,2168,ENSG00000163586
Gamma delta T cell,Adaptive,T gamma delta,CDK5,1020,ENSG00000164885
Gamma delta T cell,Adaptive,T gamma delta,CD36,948,ENSG00000135218
Gamma delta T cell,Adaptive,T gamma delta,CD33,945,ENSG00000105383
Gamma delta T cell,Adaptive,T gamma delta,AQP9,366,ENSG00000103569
Gamma delta T cell,Adaptive,T gamma delta,ACP5,54,ENSG00000102575
Immature dendritic cell,Innate,Immature dendritic cells,ATP5A1,498,ENSG00000152234
Immature dendritic cell,Innate,Immature dendritic cells,LILRA5,353514,ENSG00000187116
Immature dendritic cell,Innate,Immature dendritic cells,C1orf162,128346,ENSG00000143110
Immature dendritic cell,Innate,Immature dendritic cells,RRAGD,58528,ENSG00000025039
Immature dendritic cell,Innate,Immature dendritic cells,RAB38,23682,ENSG00000123892
Immature dendritic cell,Innate,Immature dendritic cells,INPP5F,22876,ENSG00000198825
Immature dendritic cell,Innate,Immature dendritic cells,AHCYL1,10768,ENSG00000168710
Immature dendritic cell,Innate,Immature dendritic cells,ALDH1A2,8854,ENSG00000128918
Immature dendritic cell,Innate,Immature dendritic cells,SLC18A2,6571,ENSG00000165646
Immature dendritic cell,Innate,Immature dendritic cells,RDX,5962,ENSG00000137710
Immature dendritic cell,Innate,Immature dendritic cells,PLAU,5328,ENSG00000122861
Immature dendritic cell,Innate,Immature dendritic cells,TACSTD2,4070,ENSG00000184292
Immature dendritic cell,Innate,Immature dendritic cells,CSF3R,1441,ENSG00000119535
Immature dendritic cell,Innate,Immature dendritic cells,CLTB,1212,ENSG00000175416
Immature dendritic cell,Innate,Immature dendritic cells,CAPZA1,829,ENSG00000116489
Immature dendritic cell,Innate,Immature dendritic cells,ATIC,471,ENSG00000138363
Immature dendritic cell,Innate,Immature dendritic cells,ARL1,400,ENSG00000120805
Immature dendritic cell,Innate,Immature dendritic cells,AMT,275,ENSG00000145020
Immature dendritic cell,Innate,Immature dendritic cells,AMPD2,271,ENSG00000116337
Immature dendritic cell,Innate,Immature dendritic cells,ALOX15,246,ENSG00000161905
Immature dendritic cell,Innate,Immature dendritic cells,ALDH3A2,224,ENSG00000072210
Immature dendritic cell,Innate,Immature dendritic cells,ALDH9A1,223,ENSG00000143149
Immature dendritic cell,Innate,Immature dendritic cells,ACADM,34,ENSG00000117054
Mast cell,Innate,Mast cells activated,ARHGAP15,55843,ENSG00000075884
Mast cell,Innate,Mast cells activated,PILRA,29992,ENSG00000085514
Mast cell,Innate,Mast cells activated,SIGLEC8,27181,ENSG00000105366
Mast cell,Innate,Mast cells activated,ADAMTS3,9508,ENSG00000156140
Mast cell,Innate,Mast cells activated,SLC6A4,6532,ENSG00000108576
Mast cell,Innate,Mast cells activated,S100A4,6275,ENSG00000196154
Mast cell,Innate,Mast cells activated,RNASE3,6037,ENSG00000169397
Mast cell,Innate,Mast cells activated,PTGS2,5743,ENSG00000073756
Mast cell,Innate,Mast cells activated,ITGA9,3680,ENSG00000144668
Mast cell,Innate,Mast cells activated,HSPA6,3310,ENSG00000173110
Mast cell,Innate,Mast cells activated,FTL,2512,ENSG00000087086
Mast cell,Innate,Mast cells activated,FCN1,2219,ENSG00000085265
Mast cell,Innate,Mast cells activated,EGR3,1960,ENSG00000179388
Mast cell,Innate,Mast cells activated,CTSG,1511,ENSG00000100448
Mast cell,Innate,Mast cells activated,CPM,1368,ENSG00000135678
Mast cell,Innate,Mast cells activated,CPA3,1359,ENSG00000163751
Mast cell,Innate,Mast cells activated,CMA1,1215,ENSG00000092009
Monocyte,Innate,Monocytes,EMR4P,326342,ENSG00000268758
Monocyte,Innate,Monocytes,MARCKSL1,65108,ENSG00000175130
Monocyte,Innate,Monocytes,TEX264,51368,ENSG00000164081
Monocyte,Innate,Monocytes,PNPLA6,10908,ENSG00000032444
Monocyte,Innate,Monocytes,IKZF1,10320,ENSG00000185811
Monocyte,Innate,Monocytes,PQBP1,10084,ENSG00000102103
Monocyte,Innate,Monocytes,DAZAP2,9802,ENSG00000183283
Monocyte,Innate,Monocytes,UPK3A,7380,ENSG00000100373
Monocyte,Innate,Monocytes,TMBIM6,7009,ENSG00000139644
Monocyte,Innate,Monocytes,CFP,5199,ENSG00000126759
Monocyte,Innate,Monocytes,MMP15,4324,ENSG00000102996
Monocyte,Innate,Monocytes,MBP,4155,ENSG00000197971
Monocyte,Innate,Monocytes,HIVEP2,3097,ENSG00000010818
Monocyte,Innate,Monocytes,CTBS,1486,ENSG00000117151
Monocyte,Innate,Monocytes,CFL1,1072,ENSG00000172757
Monocyte,Innate,Monocytes,CD1D,912,ENSG00000158473
Monocyte,Innate,Monocytes,ATP6V1B2,526,ENSG00000147416
Monocyte,Innate,Monocytes,ASGR2,433,ENSG00000161944
Monocyte,Innate,Monocytes,ASGR1,432,ENSG00000141505
Monocyte,Innate,Monocytes,ANXA5,308,ENSG00000164111
Monocyte,Innate,Monocytes,ACTG1,71,ENSG00000184009
Natural killer cell,Innate,NK activated,FAM27A,100133121,ENSG00000278763
Natural killer cell,Innate,NK activated,GAGE2,729447,ENSG00000189064
Natural killer cell,Innate,NK activated,DGKH,160851,ENSG00000102780
Natural killer cell,Innate,NK activated,FAM49A,81553,ENSG00000197872
Natural killer cell,Innate,NK activated,CRTAM,56253,ENSG00000109943
Natural killer cell,Innate,NK activated,DLL4,54567,ENSG00000128917
Natural killer cell,Innate,NK activated,FZR1,51343,ENSG00000105325
Natural killer cell,Innate,NK activated,F11R,50848,ENSG00000158769
Natural killer cell,Innate,NK activated,GLS2,27165,ENSG00000135423
Natural killer cell,Innate,NK activated,KANK2,25959,ENSG00000197256
Natural killer cell,Innate,NK activated,FSTL1,11167,ENSG00000163430
Natural killer cell,Innate,NK activated,LDB3,11155,ENSG00000122367
Natural killer cell,Innate,NK activated,AKT3,10000,ENSG00000117020
Natural killer cell,Innate,NK activated,CYTH1,9267,ENSG00000108669
Natural killer cell,Innate,NK activated,FGF18,8817,ENSG00000156427
Natural killer cell,Innate,NK activated,LST1,7940,ENSG00000204482
Natural killer cell,Innate,NK activated,IGFBP5,3488,ENSG00000115461
Natural killer cell,Innate,NK activated,CXCL1,2919,ENSG00000163739
Natural killer cell,Innate,NK activated,GRB2,2885,ENSG00000177885
Natural killer cell,Innate,NK activated,GBP3,2635,ENSG00000117226
Natural killer cell,Innate,NK activated,FUT5,2527,ENSG00000130383
Natural killer cell,Innate,NK activated,FUCA1,2517,ENSG00000179163
Natural killer cell,Innate,NK activated,FN1,2335,ENSG00000115414
Natural killer cell,Innate,NK activated,FCGR1A,2209,ENSG00000150337
Natural killer cell,Innate,NK activated,ERBB3,2065,ENSG00000065361
Natural killer cell,Innate,NK activated,DPYD,1806,ENSG00000188641
Natural killer cell,Innate,NK activated,DAXX,1616,ENSG00000204209
Natural killer cell,Innate,NK activated,CTSZ,1522,ENSG00000101160
Natural killer cell,Innate,NK activated,CSF2RA,1438,ENSG00000198223
Natural killer cell,Innate,NK activated,CDH2,1000,ENSG00000170558
Natural killer cell,Innate,NK activated,CDC5L,988,ENSG00000096401
Natural killer cell,Innate,NK activated,BST2,684,ENSG00000130303
Natural killer cell,Innate,NK activated,BCL2,596,ENSG00000171791
Natural killer cell,Innate,NK activated,AXL,558,ENSG00000167601
Natural killer cell,Innate,NK activated,FASLG,356,ENSG00000117560
Natural killer T cell,Innate,NKT activated,EMR1,2015,ENSG00000174837
Natural killer T cell,Innate,NKT activated,CNPY4,245812,ENSG00000166997
Natural killer T cell,Innate,NKT activated,CRTC2,200186,ENSG00000160741
Natural killer T cell,Innate,NKT activated,ISM2,145501,ENSG00000100593
Natural killer T cell,Innate,NKT activated,CD109,135228,ENSG00000156535
Natural killer T cell,Innate,NKT activated,HSPB6,126393,ENSG00000004776
Natural killer T cell,Innate,NKT activated,TSLP,85480,ENSG00000145777
Natural killer T cell,Innate,NKT activated,NFATC2IP,84901,ENSG00000176953
Natural killer T cell,Innate,NKT activated,KIRREL3,84623,ENSG00000149571
Natural killer T cell,Innate,NKT activated,CRTC3,64784,ENSG00000140577
Natural killer T cell,Innate,NKT activated,CCDC88A,55704,ENSG00000115355
Natural killer T cell,Innate,NKT activated,TREM2,54209,ENSG00000095970
Natural killer T cell,Innate,NKT activated,UBASH3A,53347,ENSG00000160185
Natural killer T cell,Innate,NKT activated,CLEC1A,51267,ENSG00000150048
Natural killer T cell,Innate,NKT activated,YBX2,51087,ENSG00000006047
Natural killer T cell,Innate,NKT activated,KDM4C,23081,ENSG00000107077
Natural killer T cell,Innate,NKT activated,LILRB5,10990,ENSG00000105609
Natural killer T cell,Innate,NKT activated,CNPY3,10695,ENSG00000137161
Natural killer T cell,Innate,NKT activated,PDPN,10630,ENSG00000162493
Natural killer T cell,Innate,NKT activated,BTN2A2,10385,ENSG00000124508
Natural killer T cell,Innate,NKT activated,KLRG1,10219,ENSG00000139187
Natural killer T cell,Innate,NKT activated,NCR1,9437,ENSG00000189430
Natural killer T cell,Innate,NKT activated,CD101,9398,ENSG00000134256
Natural killer T cell,Innate,NKT activated,IL32,9235,ENSG00000008517
Natural killer T cell,Innate,NKT activated,SLC7A7,9056,ENSG00000155465
Natural killer T cell,Innate,NKT activated,FOSL1,8061,ENSG00000175592
Natural killer T cell,Innate,NKT activated,VCAM1,7412,ENSG00000162692
Natural killer T cell,Innate,NKT activated,THBD,7056,ENSG00000178726
Natural killer T cell,Innate,NKT activated,SPP1,6696,ENSG00000118785
Natural killer T cell,Innate,NKT activated,SDCBP,6386,ENSG00000137575
Natural killer T cell,Innate,NKT activated,MICB,4277,ENSG00000204516
Natural killer T cell,Innate,NKT activated,LAMP2,3920,ENSG00000005893
Natural killer T cell,Innate,NKT activated,KLRC1,3821,ENSG00000134545
Natural killer T cell,Innate,NKT activated,KIR3DL2,3812,ENSG00000240403
Natural killer T cell,Innate,NKT activated,KIR3DL1,3811,ENSG00000167633
Natural killer T cell,Innate,NKT activated,KIR2DS4,3809,ENSG00000221957
Natural killer T cell,Innate,NKT activated,KIR2DL3,3804,ENSG00000243772
Natural killer T cell,Innate,NKT activated,KIR2DL1,3802,ENSG00000125498
Natural killer T cell,Innate,NKT activated,ITIH2,3698,ENSG00000151655
Natural killer T cell,Innate,NKT activated,ICAM2,3384,ENSG00000108622
Natural killer T cell,Innate,NKT activated,HSPA4,3308,ENSG00000170606
Natural killer T cell,Innate,NKT activated,FUT4,2526,ENSG00000196371
Natural killer T cell,Innate,NKT activated,CSF2,1437,ENSG00000164400
Natural killer T cell,Innate,NKT activated,CREB1,1385,ENSG00000118260
Neutrophil,Innate,Neutrophils,C1orf183,55924,ENSG00000197852
Neutrophil,Innate,Neutrophils,APOBEC3A,200315,ENSG00000128383
Neutrophil,Innate,Neutrophils,BTNL8,79908,ENSG00000113303
Neutrophil,Innate,Neutrophils,STEAP4,79689,ENSG00000127954
Neutrophil,Innate,Neutrophils,MMP25,64386,ENSG00000008516
Neutrophil,Innate,Neutrophils,VNN3,55350,ENSG00000093134
Neutrophil,Innate,Neutrophils,CHST15,51363,ENSG00000182022
Neutrophil,Innate,Neutrophils,CREB5,9586,ENSG00000146592
Neutrophil,Innate,Neutrophils,MGAM,8972,ENSG00000257335
Neutrophil,Innate,Neutrophils,TNFRSF10C,8794,ENSG00000173535
Neutrophil,Innate,Neutrophils,S100A12,6283,ENSG00000163221
Neutrophil,Innate,Neutrophils,MAK,4117,ENSG00000111837
Neutrophil,Innate,Neutrophils,CXCR2,3579,ENSG00000180871
Neutrophil,Innate,Neutrophils,CXCR1,3577,ENSG00000163464
Neutrophil,Innate,Neutrophils,HAL,3034,ENSG00000084110
Neutrophil,Innate,Neutrophils,FFAR2,2867,ENSG00000126262
Neutrophil,Innate,Neutrophils,CDA,978,ENSG00000158825
Neutrophil,Innate,Neutrophils,CASP5,838,ENSG00000137757
Plasmacytoid dendritic cell,Innate,Plasmacytoid dendritic cells,SEPX1,51734,ENSG00000198736
Plasmacytoid dendritic cell,Innate,Plasmacytoid dendritic cells,CD300LF,146722,ENSG00000186074
Plasmacytoid dendritic cell,Innate,Plasmacytoid dendritic cells,SIRPA,140885,ENSG00000198053
Plasmacytoid dendritic cell,Innate,Plasmacytoid dendritic cells,RETNLB,84666,ENSG00000163515
Plasmacytoid dendritic cell,Innate,Plasmacytoid dendritic cells,ABTB1,80325,ENSG00000114626
Plasmacytoid dendritic cell,Innate,Plasmacytoid dendritic cells,PROK2,60675,ENSG00000163421
Plasmacytoid dendritic cell,Innate,Plasmacytoid dendritic cells,PHRF1,57661,ENSG00000070047
Plasmacytoid dendritic cell,Innate,Plasmacytoid dendritic cells,RNF141,50862,ENSG00000110315
Plasmacytoid dendritic cell,Innate,Plasmacytoid dendritic cells,HIGD1A,25994,ENSG00000181061
Plasmacytoid dendritic cell,Innate,Plasmacytoid dendritic cells,KRT23,25984,ENSG00000108244
Plasmacytoid dendritic cell,Innate,Plasmacytoid dendritic cells,CBX6,23466,ENSG00000183741
Plasmacytoid dendritic cell,Innate,Plasmacytoid dendritic cells,GABARAP,11337,ENSG00000170296
Plasmacytoid dendritic cell,Innate,Plasmacytoid dendritic cells,TMED2,10959,ENSG00000086598
Plasmacytoid dendritic cell,Innate,Plasmacytoid dendritic cells,DDX17,10521,ENSG00000100201
Plasmacytoid dendritic cell,Innate,Plasmacytoid dendritic cells,KLHL21,9903,ENSG00000162413
Plasmacytoid dendritic cell,Innate,Plasmacytoid dendritic cells,SERTAD2,9792,ENSG00000179833
Plasmacytoid dendritic cell,Innate,Plasmacytoid dendritic cells,PDIA4,9601,ENSG00000155660
Plasmacytoid dendritic cell,Innate,Plasmacytoid dendritic cells,MAGED1,9500,ENSG00000179222
Plasmacytoid dendritic cell,Innate,Plasmacytoid dendritic cells,OFD1,8481,ENSG00000046651
Plasmacytoid dendritic cell,Innate,Plasmacytoid dendritic cells,OGT,8473,ENSG00000147162
Plasmacytoid dendritic cell,Innate,Plasmacytoid dendritic cells,SEC14L1,6397,ENSG00000129657
Plasmacytoid dendritic cell,Innate,Plasmacytoid dendritic cells,RALB,5899,ENSG00000144118
Plasmacytoid dendritic cell,Innate,Plasmacytoid dendritic cells,NUCB2,4925,ENSG00000070081
Plasmacytoid dendritic cell,Innate,Plasmacytoid dendritic cells,ITGA2B,3674,ENSG00000005961
Plasmacytoid dendritic cell,Innate,Plasmacytoid dendritic cells,IL3RA,3563,ENSG00000185291
Plasmacytoid dendritic cell,Innate,Plasmacytoid dendritic cells,IGF1,3479,ENSG00000017427
Plasmacytoid dendritic cell,Innate,Plasmacytoid dendritic cells,IDH3A,3419,ENSG00000166411
Plasmacytoid dendritic cell,Innate,Plasmacytoid dendritic cells,GPX1,2876,ENSG00000233276
Plasmacytoid dendritic cell,Innate,Plasmacytoid dendritic cells,FCAR,2204,ENSG00000186431
Plasmacytoid dendritic cell,Innate,Plasmacytoid dendritic cells,ENG,2022,ENSG00000106991
Plasmacytoid dendritic cell,Innate,Plasmacytoid dendritic cells,EMP3,2014,ENSG00000142227
Plasmacytoid dendritic cell,Innate,Plasmacytoid dendritic cells,DAB2,1601,ENSG00000153071
Type 17 T helper cell,Adaptive,T helper 17,GPR44,11251,ENSG00000183134
Type 17 T helper cell,Adaptive,T helper 17,C2CD4B,388125,ENSG00000205502
Type 17 T helper cell,Adaptive,T helper 17,ILDR1,286676,ENSG00000145103
Type 17 T helper cell,Adaptive,T helper 17,SH2D6,284948,ENSG00000152292
Type 17 T helper cell,Adaptive,T helper 17,C2CD4A,145741,ENSG00000198535
Type 17 T helper cell,Adaptive,T helper 17,IL17RE,132014,ENSG00000163701
Type 17 T helper cell,Adaptive,T helper 17,ANKRD22,118932,ENSG00000152766
Type 17 T helper cell,Adaptive,T helper 17,IL17F,112744,ENSG00000112116
Type 17 T helper cell,Adaptive,T helper 17,CCDC65,85478,ENSG00000139537
Type 17 T helper cell,Adaptive,T helper 17,IL17RC,84818,ENSG00000163702
Type 17 T helper cell,Adaptive,T helper 17,ADAMTS12,81792,ENSG00000151388
Type 17 T helper cell,Adaptive,T helper 17,LONRF3,79836,ENSG00000175556
Type 17 T helper cell,Adaptive,T helper 17,TNIP2,79155,ENSG00000168884
Type 17 T helper cell,Adaptive,T helper 17,IFT80,57560,ENSG00000068885
Type 17 T helper cell,Adaptive,T helper 17,IL23A,51561,ENSG00000110944
Type 17 T helper cell,Adaptive,T helper 17,IL17C,27189,ENSG00000124391
Type 17 T helper cell,Adaptive,T helper 17,IL17RA,23765,ENSG00000177663
Type 17 T helper cell,Adaptive,T helper 17,CAMTA1,23261,ENSG00000171735
Type 17 T helper cell,Adaptive,T helper 17,CCR9,10803,ENSG00000173585
Type 17 T helper cell,Adaptive,T helper 17,B3GALT2,8707,ENSG00000162630
Type 17 T helper cell,Adaptive,T helper 17,ABCB1,5243,ENSG00000085563
Type 17 T helper cell,Adaptive,T helper 17,IL17A,3605,ENSG00000112115
Type 17 T helper cell,Adaptive,T helper 17,CEACAM3,1084,ENSG00000170956
Type 17 T helper cell,Adaptive,T helper 17,CD40,958,ENSG00000101017
Type 17 T helper cell,Adaptive,T helper 17,CA2,760,ENSG00000104267
Type 17 T helper cell,Adaptive,T helper 17,ANK1,286,ENSG00000029534
Type 17 T helper cell,Adaptive,T helper 17,ABCA1,19,ENSG00000165029
