sex,geneChange,genename,M28L.wt,P522R.wt,P2KOhet.wt
MALE,upreg,Adra2a.mRNA,1,NA,NA
MALE,upreg,Cables1.mRNA,1,NA,NA
MALE,upreg,Xbp1.mRNA,1,NA,NA
MALE,upreg,Mtmr4.mRNA,1,1,1
MALE,upreg,Acin1.mRNA,1,NA,NA
MALE,upreg,Bhlhe41.mRNA,1,1,1
MALE,upreg,Arc.mRNA,1,1,1
MALE,upreg,Bhlhe40.mRNA,1,1,1
MALE,upreg,Prpf3.mRNA,1,NA,NA
MALE,upreg,Cdkn1a.mRNA,1,NA,NA
MALE,upreg,Adrb2.mRNA,1,1,1
MALE,upreg,Hspb1.mRNA,1,1,NA
MALE,upreg,Mapkapk2.mRNA,1,NA,NA
MALE,upreg,Smad3.mRNA,1,1,NA
MALE,upreg,Cers6.mRNA,1,1,1
MALE,upreg,Polr2h.mRNA,1,NA,NA
MALE,upreg,Ptpn1.mRNA,1,NA,NA
MALE,upreg,Nr4a2.mRNA,1,NA,NA
MALE,upreg,Fasl.mRNA,1,1,1
MALE,upreg,Egr1.mRNA,1,1,1
MALE,upreg,Ddx23.mRNA,1,NA,1
MALE,upreg,Srpr.mRNA,1,1,1
MALE,upreg,Slc2a1.mRNA,1,NA,NA
MALE,upreg,Cxxc1.mRNA,1,NA,NA
MALE,upreg,Gnb5.mRNA,1,NA,NA
MALE,upreg,Abl1.mRNA,1,NA,1
MALE,upreg,AI464131.mRNA,1,1,1
MALE,upreg,Nuak1.mRNA,1,NA,NA
MALE,upreg,Palm.mRNA,1,NA,NA
MALE,upreg,Fos.mRNA,1,1,1
MALE,upreg,Axin2.mRNA,1,1,1
MALE,upreg,Plcl2.mRNA,1,NA,NA
MALE,upreg,Prkcsh.mRNA,1,NA,NA
MALE,upreg,Diaph1.mRNA,1,NA,1
MALE,upreg,Mertk.mRNA,1,1,1
MALE,upreg,Calb2.mRNA,1,NA,NA
MALE,upreg,Arhgap44.mRNA,1,1,1
MALE,upreg,F2.mRNA,1,1,1
MALE,upreg,Trem1.mRNA,1,1,NA
MALE,upreg,Tbp.mRNA,1,1,1
MALE,upreg,Ptgs2.mRNA,1,1,1
MALE,upreg,Mapk3.mRNA,1,NA,NA
MALE,upreg,Gstp1.mRNA,1,NA,NA
MALE,upreg,Ddit3.mRNA,1,NA,NA
MALE,upreg,Nfkbia.mRNA,1,1,1
MALE,upreg,Crtc2.mRNA,1,1,1
MALE,upreg,Hap1.mRNA,1,NA,NA
MALE,upreg,Srsf4.mRNA,1,NA,NA
MALE,upreg,Sncaip.mRNA,1,NA,NA
MALE,upreg,Fam126a.mRNA,1,1,1
MALE,upreg,Cd8a.mRNA,1,1,1
MALE,upreg,Cysltr1.mRNA,1,NA,NA
MALE,upreg,Hspa1a.b.mRNA,1,NA,NA
MALE,upreg,Pla2g2f.mRNA,1,1,NA
MALE,upreg,Hmox1.mRNA,1,1,1
MALE,upreg,Cpt1b.mRNA,1,1,1
MALE,upreg,Atf4.mRNA,1,NA,NA
MALE,upreg,Phf2.mRNA,1,NA,NA
MALE,upreg,Ep300.mRNA,1,NA,NA
MALE,upreg,Crkl.mRNA,1,1,1
MALE,upreg,Mapk13.mRNA,1,1,1
MALE,upreg,Nostrin.mRNA,1,NA,NA
MALE,upreg,Tmem119.mRNA,1,1,1
MALE,upreg,Parp1.mRNA,1,NA,NA
MALE,upreg,Angpt2.mRNA,1,NA,NA
MALE,upreg,Mmp24.mRNA,1,NA,NA
MALE,upreg,Akt1s1.mRNA,1,NA,NA
MALE,upreg,Grm8.mRNA,1,NA,1
MALE,upreg,Jak2.mRNA,1,1,1
MALE,upreg,Plxnc1.mRNA,1,NA,NA
MALE,upreg,Map3k4.mRNA,1,1,1
MALE,upreg,Dbh.mRNA,1,1,1
MALE,upreg,Rhoa.mRNA,1,NA,NA
MALE,upreg,Egr2.mRNA,1,NA,1
MALE,upreg,Atp7a.mRNA,1,NA,NA
MALE,upreg,Pde4d.mRNA,1,NA,NA
MALE,upreg,Islr2.mRNA,1,1,1
MALE,upreg,Il1b.mRNA,1,1,1
MALE,upreg,Atp6v0e.mRNA,1,NA,NA
MALE,upreg,Dlg4.mRNA,1,NA,NA
MALE,upreg,Sf3b4.mRNA,1,NA,NA
MALE,upreg,P2ry1.mRNA,1,1,1
MALE,upreg,Gnai2.mRNA,1,NA,NA
MALE,upreg,Gsr.mRNA,1,NA,NA
MALE,upreg,Adar.mRNA,1,1,1
MALE,upreg,Dagla.mRNA,1,1,1
MALE,upreg,Ass1.mRNA,1,NA,NA
MALE,upreg,Usp21.mRNA,1,NA,NA
MALE,upreg,Drd1.mRNA,1,1,NA
MALE,upreg,Slc18a2.mRNA,1,1,1
MALE,upreg,Efnb3.mRNA,1,NA,NA
MALE,upreg,Dot1l.mRNA,1,NA,NA
MALE,upreg,Prkcz.mRNA,1,NA,NA
MALE,upreg,Lsm2.mRNA,1,NA,NA
MALE,upreg,Il6ra.mRNA,1,NA,NA
MALE,upreg,Klrb1.mRNA,1,1,NA
MALE,upreg,Stambpl1.mRNA,1,NA,NA
MALE,upreg,Mapk14.mRNA,1,1,1
MALE,upreg,Pink1.mRNA,1,NA,NA
MALE,upreg,Actn1.mRNA,1,NA,NA
MALE,upreg,Bcl2l1.mRNA,1,1,1
MALE,upreg,Fas.mRNA,1,1,1
MALE,upreg,Por.mRNA,1,1,1
MALE,upreg,Apaf1.mRNA,1,NA,NA
MALE,upreg,Serpinb6a.mRNA,1,NA,NA
MALE,upreg,Trim46.mRNA,1,NA,NA
MALE,upreg,Ap1s1.mRNA,1,NA,NA
MALE,upreg,Fn1.mRNA,1,1,1
MALE,upreg,Adgrl4.mRNA,1,NA,NA
MALE,upreg,Arhgef10.mRNA,1,1,1
MALE,upreg,Atp13a2.mRNA,1,1,NA
MALE,upreg,Npas2.mRNA,NA,1,1
MALE,upreg,Cltc.mRNA,NA,1,1
MALE,upreg,Anapc1.mRNA,NA,1,1
MALE,upreg,Slc8a1.mRNA,NA,1,1
MALE,upreg,Trim2.mRNA,NA,1,1
MALE,upreg,Gad1.mRNA,NA,1,1
MALE,upreg,Rasgrp1.mRNA,NA,1,1
MALE,upreg,Plcb1.mRNA,NA,1,1
MALE,upreg,Ubqln1.mRNA,NA,1,1
MALE,upreg,Cnr1.mRNA,NA,1,1
MALE,upreg,Unc79.mRNA,NA,1,1
MALE,upreg,Ryr2.mRNA,NA,1,1
MALE,upreg,Atp8a2.mRNA,NA,1,1
MALE,upreg,Slc4a10.mRNA,NA,1,1
MALE,upreg,U2af2.mRNA,NA,1,1
MALE,upreg,Ptprm.mRNA,NA,1,1
MALE,upreg,Ctnnb1.mRNA,NA,1,1
MALE,upreg,Cyfip2.mRNA,NA,1,1
MALE,upreg,Rasgrf1.mRNA,NA,1,1
MALE,upreg,Slc12a2.mRNA,NA,1,1
MALE,upreg,Atrn.mRNA,NA,1,1
MALE,upreg,Nrcam.mRNA,NA,1,1
MALE,upreg,Gad2.mRNA,NA,1,1
MALE,upreg,Cacna1c.mRNA,NA,1,1
MALE,upreg,Chrm5.mRNA,NA,1,1
MALE,upreg,Cx3cl1.mRNA,NA,1,1
MALE,upreg,Ncam1.mRNA,NA,1,1
MALE,upreg,Adam22.mRNA,NA,1,1
MALE,upreg,Cntn1.mRNA,NA,1,1
MALE,upreg,Khsrp.mRNA,NA,1,NA
MALE,upreg,Itpr1.mRNA,NA,1,1
MALE,upreg,Slc12a5.mRNA,NA,1,1
MALE,upreg,Gnai1.mRNA,NA,1,1
MALE,upreg,Tmem88b.mRNA,NA,1,NA
MALE,upreg,Mfn2.mRNA,NA,1,1
MALE,upreg,Atp2a2.mRNA,NA,1,1
MALE,upreg,Cd47.mRNA,NA,1,1
MALE,upreg,Grin1.mRNA,NA,1,1
MALE,upreg,Cacna2d3.mRNA,NA,1,NA
MALE,upreg,Gabra1.mRNA,NA,1,NA
MALE,upreg,Atp1a1.mRNA,NA,1,1
MALE,upreg,Atp6v1a.mRNA,NA,1,1
MALE,upreg,Serinc3.mRNA,NA,1,1
MALE,upreg,Ptprz1.mRNA,NA,1,1
MALE,upreg,Tbr1.mRNA,NA,1,1
MALE,upreg,Slc38a1.mRNA,NA,1,1
MALE,upreg,Scn8a.mRNA,NA,1,1
MALE,upreg,Fbxl3.mRNA,NA,1,1
MALE,upreg,Ret.mRNA,NA,1,1
MALE,upreg,Klhl12.mRNA,NA,1,1
MALE,upreg,Amph.mRNA,NA,1,1
MALE,upreg,Map2k1.mRNA,NA,1,1
MALE,upreg,Dnm3.mRNA,NA,1,1
MALE,upreg,Nsf.mRNA,NA,1,1
MALE,upreg,Pfn1.mRNA,NA,1,1
MALE,upreg,Nfe2l2.mRNA,NA,1,1
MALE,upreg,Nckap1.mRNA,NA,1,1
MALE,upreg,Atg2b.mRNA,NA,1,1
MALE,upreg,Atp2b3.mRNA,NA,1,1
MALE,upreg,Kcnq3.mRNA,NA,1,1
MALE,upreg,Acly.mRNA,NA,1,1
MALE,upreg,Gucy1b3.mRNA,NA,1,NA
MALE,upreg,Hsd17b4.mRNA,NA,1,1
MALE,upreg,Grm1.mRNA,NA,1,1
MALE,upreg,App.mRNA,NA,1,1
MALE,upreg,Braf.mRNA,NA,1,1
MALE,upreg,Lrp1.mRNA,NA,1,1
MALE,upreg,Ndufb5.mRNA,NA,1,NA
MALE,upreg,Ube4b.mRNA,NA,1,1
MALE,upreg,Cacna1e.mRNA,NA,1,NA
MALE,upreg,Aplp2.mRNA,NA,1,1
MALE,upreg,Egfr.mRNA,NA,1,1
MALE,upreg,Hacd3.mRNA,NA,1,NA
MALE,upreg,Bace1.mRNA,NA,1,1
MALE,upreg,Gria2.mRNA,NA,1,1
MALE,upreg,Chat.mRNA,NA,1,1
MALE,upreg,Tnr.mRNA,NA,1,1
MALE,upreg,Tbk1.mRNA,NA,1,1
MALE,upreg,Syn1.mRNA,NA,1,1
MALE,upreg,B4galt5.mRNA,NA,1,1
MALE,upreg,Ywhaz.mRNA,NA,1,NA
MALE,upreg,Notch3.mRNA,NA,1,1
MALE,upreg,Tanc2.mRNA,NA,1,1
MALE,upreg,Kpna1.mRNA,NA,1,1
MALE,upreg,Grin2a.mRNA,NA,1,1
MALE,upreg,Gaa.mRNA,NA,1,1
MALE,upreg,Atp5pb.mRNA,NA,1,NA
MALE,upreg,Trim28.mRNA,NA,1,1
MALE,upreg,Psmd6.mRNA,NA,1,NA
MALE,upreg,Pdgfra.mRNA,NA,1,1
MALE,upreg,Chrm2.mRNA,NA,1,1
MALE,upreg,Nptn.mRNA,NA,1,NA
MALE,upreg,Atp5g3.mRNA,NA,1,NA
MALE,upreg,Htt.mRNA,NA,1,1
MALE,upreg,Wdr35.mRNA,NA,1,NA
MALE,upreg,Fig4.mRNA,NA,1,1
MALE,upreg,Atp2b2.mRNA,NA,1,NA
MALE,upreg,Cacna1a.mRNA,NA,1,1
MALE,upreg,Npc1.mRNA,NA,1,1
MALE,upreg,Pde1b.mRNA,NA,1,1
MALE,upreg,Dlgap1.mRNA,NA,1,NA
MALE,upreg,C4a.b.mRNA,NA,1,1
MALE,upreg,Gpm6a.mRNA,NA,1,NA
MALE,upreg,Dlx2.mRNA,NA,1,1
MALE,upreg,Plaa.mRNA,NA,1,1
MALE,upreg,Sla.mRNA,NA,1,1
MALE,upreg,Got1.mRNA,NA,1,NA
MALE,upreg,Vcp.mRNA,NA,1,1
MALE,upreg,Tpsb2.mRNA,NA,1,1
MALE,upreg,Gria3.mRNA,NA,1,NA
MALE,upreg,Dock3.mRNA,NA,1,1
MALE,upreg,Drd4.mRNA,NA,1,1
MALE,upreg,Inpp4a.mRNA,NA,1,1
MALE,upreg,Sec23a.mRNA,NA,1,NA
MALE,upreg,Nos1ap.mRNA,NA,1,1
MALE,upreg,B4galt6.mRNA,NA,1,NA
MALE,upreg,Rhob.mRNA,NA,1,NA
MALE,upreg,Gnai3.mRNA,NA,1,1
MALE,upreg,Igf1.mRNA,NA,1,1
MALE,upreg,Kcnj10.mRNA,NA,1,1
MALE,upreg,Tsc1.mRNA,NA,1,1
MALE,upreg,Prkab2.mRNA,NA,1,1
MALE,upreg,Glrb.mRNA,NA,1,NA
MALE,upreg,Sorl1.mRNA,NA,1,NA
MALE,upreg,Ube3c.mRNA,NA,1,1
MALE,upreg,Ugt8a.mRNA,NA,1,1
MALE,upreg,Napsa.mRNA,NA,1,1
MALE,upreg,Rad23b.mRNA,NA,1,NA
MALE,upreg,Gba.mRNA,NA,1,1
MALE,upreg,Chrna7.mRNA,NA,1,NA
MALE,upreg,Kcnv1.mRNA,NA,1,NA
MALE,upreg,Notch1.mRNA,NA,1,1
MALE,upreg,Trim17.mRNA,NA,1,1
MALE,upreg,Atp1b1.mRNA,NA,1,NA
MALE,upreg,Btrc.mRNA,NA,1,1
MALE,upreg,Pla2g4d.mRNA,NA,1,1
MALE,upreg,Gfpt1.mRNA,NA,1,1
MALE,upreg,Plp1.mRNA,NA,1,NA
MALE,upreg,Park2.mRNA,NA,1,1
MALE,upreg,Kitl.mRNA,NA,1,1
MALE,upreg,Xk.mRNA,NA,1,NA
MALE,upreg,Cxcr4.mRNA,NA,1,1
MALE,upreg,Pla2g4f.mRNA,NA,1,1
MALE,upreg,Fbxw11.mRNA,NA,1,NA
MALE,upreg,Epha5.mRNA,NA,1,NA
MALE,upreg,Ntrk1.mRNA,NA,1,1
MALE,upreg,Wasf1.mRNA,NA,1,NA
MALE,upreg,Arg2.mRNA,NA,1,NA
MALE,upreg,Pdha1.mRNA,NA,1,NA
MALE,upreg,Ctse.mRNA,NA,1,1
MALE,upreg,Camk2g.mRNA,NA,1,1
MALE,upreg,Ltc4s.mRNA,NA,1,1
MALE,upreg,Hcn1.mRNA,NA,1,NA
MALE,upreg,Pmepa1.mRNA,NA,1,NA
MALE,upreg,Mtor.mRNA,NA,1,1
MALE,upreg,Gsn.mRNA,NA,1,1
MALE,upreg,Gabrr1.mRNA,NA,1,1
MALE,upreg,Slc1a3.mRNA,NA,1,NA
MALE,upreg,Lama2.mRNA,NA,1,1
MALE,upreg,Amigo2.mRNA,NA,1,NA
MALE,upreg,Pah.mRNA,NA,1,1
MALE,upreg,Mecp2.mRNA,NA,1,1
MALE,upreg,Stxbp1.mRNA,NA,1,1
MALE,upreg,Serpina3n.mRNA,NA,1,1
MALE,upreg,Gphn.mRNA,NA,1,NA
MALE,upreg,Chd4.mRNA,NA,1,1
MALE,upreg,Bdnf.mRNA,NA,1,NA
MALE,upreg,Pdpk1.mRNA,NA,1,1
MALE,upreg,Psmc2.mRNA,NA,1,1
MALE,upreg,Cd3d.mRNA,NA,1,1
MALE,upreg,Cxcl11.mRNA,NA,1,1
MALE,upreg,Ywhag.mRNA,NA,1,NA
MALE,upreg,Ache.mRNA,NA,1,1
MALE,upreg,Sgpl1.mRNA,NA,1,1
MALE,upreg,H2.Ea.ps.mRNA,NA,1,NA
MALE,upreg,Snap25.mRNA,NA,1,NA
MALE,upreg,Prl.mRNA,NA,1,1
MALE,upreg,Dgke.mRNA,NA,1,1
MALE,upreg,Bche.mRNA,NA,1,1
MALE,upreg,Hk1.mRNA,NA,1,1
MALE,upreg,Lamb2.mRNA,NA,1,1
MALE,upreg,Scn2a1.mRNA,NA,1,NA
MALE,upreg,Pkd2.mRNA,NA,1,NA
MALE,upreg,Fcrlb.mRNA,NA,1,1
MALE,upreg,Slc2a5.mRNA,NA,1,1
MALE,upreg,Erbb3.mRNA,NA,1,1
MALE,upreg,Cldn15.mRNA,NA,1,1
MALE,upreg,Cln8.mRNA,NA,1,1
MALE,upreg,Tnfrsf11b.mRNA,NA,1,1
MALE,upreg,Tcl1.mRNA,NA,1,1
MALE,upreg,Grm7.mRNA,NA,1,NA
MALE,upreg,Mthfr.mRNA,NA,1,NA
MALE,upreg,Cd4.mRNA,NA,1,NA
MALE,upreg,Slc9a6.mRNA,NA,1,NA
MALE,upreg,Plcb4.mRNA,NA,1,1
MALE,upreg,Atp6v1c1.mRNA,NA,1,NA
MALE,upreg,Slc6a4.mRNA,NA,1,NA
MALE,upreg,Cspg4.mRNA,NA,1,1
MALE,upreg,Pla2g4c.mRNA,NA,1,1
MALE,upreg,Cntnap1.mRNA,NA,1,NA
MALE,upreg,Cers1.mRNA,NA,1,1
MALE,upreg,Tnfrsf21.mRNA,NA,1,NA
MALE,upreg,Acadm.mRNA,NA,1,NA
MALE,upreg,Tusc3.mRNA,NA,1,NA
MALE,upreg,Pdgfrb.mRNA,NA,1,1
MALE,upreg,Syt1.mRNA,NA,1,1
MALE,upreg,Dnajc5.mRNA,NA,1,1
MALE,upreg,Atp2b4.mRNA,NA,1,NA
MALE,upreg,Pla2g2a.mRNA,NA,1,NA
MALE,upreg,P2ry14.mRNA,NA,1,NA
MALE,upreg,Etv5.mRNA,NA,1,NA
MALE,upreg,Nkg7.mRNA,NA,1,1
MALE,upreg,Chrnb2.mRNA,NA,1,1
MALE,upreg,Hectd1.mRNA,NA,1,1
MALE,upreg,Grin3a.mRNA,NA,1,NA
MALE,upreg,Cntn4.mRNA,NA,1,NA
MALE,upreg,Gzma.mRNA,NA,1,1
MALE,upreg,Prkag1.mRNA,NA,1,NA
MALE,upreg,Kcnd2.mRNA,NA,1,1
MALE,upreg,Fxn.mRNA,NA,1,NA
MALE,upreg,Sorcs3.mRNA,NA,1,1
MALE,upreg,Mkrn1.mRNA,NA,1,NA
MALE,upreg,Pgk1.mRNA,NA,1,NA
MALE,upreg,Tgm1.mRNA,NA,1,NA
MALE,upreg,Elmo1.mRNA,NA,1,NA
MALE,upreg,Marco.mRNA,NA,1,1
MALE,upreg,Ceacam3.mRNA,NA,1,1
MALE,upreg,Cdk5.mRNA,NA,1,NA
MALE,upreg,Th.mRNA,NA,1,1
MALE,upreg,Galc.mRNA,NA,1,NA
MALE,upreg,Nos1.mRNA,NA,1,NA
MALE,upreg,Gnb1.mRNA,NA,1,NA
MALE,upreg,Slc18a3.mRNA,NA,1,1
MALE,upreg,Camk2d.mRNA,NA,1,NA
MALE,upreg,Nmnat2.mRNA,NA,1,NA
MALE,upreg,Prf1.mRNA,NA,1,1
MALE,upreg,Entpd4.mRNA,NA,1,NA
MALE,upreg,Kcnk13.mRNA,NA,1,NA
MALE,upreg,Epha2.mRNA,NA,1,1
MALE,upreg,Hdac1.mRNA,NA,1,1
MALE,upreg,Slc10a6.mRNA,NA,1,1
MALE,upreg,Hdac6.mRNA,NA,1,1
MALE,upreg,Glra3.mRNA,NA,1,NA
MALE,upreg,Dll4.mRNA,NA,1,NA
MALE,upreg,Atg5.mRNA,NA,1,NA
MALE,upreg,Ubqln2.mRNA,NA,1,NA
MALE,upreg,Phf19.mRNA,NA,1,1
MALE,upreg,Ppp3cb.mRNA,NA,1,NA
MALE,upreg,Agmo.mRNA,NA,1,NA
MALE,upreg,Prkacb.mRNA,NA,1,NA
MALE,upreg,Il1r1.mRNA,NA,1,NA
MALE,upreg,Adcyap1r1.mRNA,NA,1,NA
MALE,upreg,Spib.mRNA,NA,1,NA
MALE,upreg,Raf1.mRNA,NA,1,NA
MALE,upreg,Gabrp.mRNA,NA,1,NA
MALE,upreg,Jak1.mRNA,NA,1,1
MALE,upreg,Cux2.mRNA,NA,1,NA
MALE,upreg,Ap3m2.mRNA,NA,1,NA
MALE,upreg,L1cam.mRNA,NA,1,NA
MALE,upreg,Ddc.mRNA,NA,1,1
MALE,upreg,C6.mRNA,NA,1,NA
MALE,upreg,Phyh.mRNA,NA,1,NA
MALE,upreg,Grin3b.mRNA,NA,1,NA
MALE,upreg,Ube2g1.mRNA,NA,1,NA
MALE,upreg,Unc80.mRNA,NA,1,NA
MALE,upreg,Scamp2.mRNA,NA,1,1
MALE,upreg,Ncr1.mRNA,NA,1,NA
MALE,upreg,Gpr17.mRNA,NA,1,1
MALE,upreg,Ctsl.mRNA,NA,1,1
MALE,upreg,Notch4.mRNA,NA,1,1
MALE,upreg,Adcy8.mRNA,NA,1,NA
MALE,upreg,Kel.mRNA,NA,1,1
MALE,upreg,Gls.mRNA,NA,1,NA
MALE,upreg,Acsl4.mRNA,NA,1,1
MALE,upreg,Drd2.mRNA,NA,1,NA
MALE,upreg,Shank2.mRNA,NA,1,NA
MALE,upreg,Foxp3.mRNA,NA,1,1
MALE,upreg,Cd8b1.mRNA,NA,1,NA
MALE,upreg,Il10ra.mRNA,NA,1,NA
MALE,upreg,Blk.mRNA,NA,1,1
MALE,upreg,Lgmn.mRNA,NA,1,NA
MALE,upreg,Cd3e.mRNA,NA,1,NA
MALE,upreg,Sphk1.mRNA,NA,1,NA
MALE,upreg,Tnfrsf1a.mRNA,NA,1,1
MALE,upreg,Tenm2.mRNA,NA,1,NA
MALE,upreg,Gnao1.mRNA,NA,1,NA
MALE,upreg,Dmd.mRNA,NA,1,NA
MALE,upreg,Gnptab.mRNA,NA,1,1
MALE,upreg,Ms4a4a.mRNA,NA,1,1
MALE,upreg,Inhbb.mRNA,NA,1,1
MALE,upreg,Hspa9.mRNA,NA,1,NA
MALE,upreg,Sybu.mRNA,NA,1,NA
MALE,upreg,Cdc42.mRNA,NA,1,NA
MALE,upreg,Spp1.mRNA,NA,1,NA
MALE,upreg,Htr5a.mRNA,NA,1,NA
MALE,upreg,Ryr3.mRNA,NA,1,1
MALE,upreg,Ptger4.mRNA,NA,1,1
MALE,upreg,Cyp2u1.mRNA,NA,1,1
MALE,upreg,Polr2b.mRNA,NA,1,1
MALE,upreg,Mmp19.mRNA,NA,1,NA
MALE,upreg,Avp.mRNA,NA,1,1
MALE,upreg,Igf1r.mRNA,NA,1,NA
MALE,upreg,Ldhc.mRNA,NA,1,1
MALE,upreg,Msr1.mRNA,NA,1,NA
MALE,upreg,Sh3tc2.mRNA,NA,1,NA
MALE,upreg,Eomes.mRNA,NA,1,1
MALE,upreg,Mbtps1.mRNA,NA,1,1
MALE,upreg,Slc6a1.mRNA,NA,1,NA
MALE,upreg,Ywhaq.mRNA,NA,1,NA
MALE,upreg,Dnah1.mRNA,NA,1,NA
MALE,upreg,Il10.mRNA,NA,1,NA
MALE,upreg,Nelfa.mRNA,NA,1,1
MALE,upreg,Mmp9.mRNA,NA,1,NA
MALE,upreg,Cpne2.mRNA,NA,1,NA
MALE,upreg,Cd40.mRNA,NA,1,NA
MALE,upreg,Rela.mRNA,NA,1,NA
MALE,upreg,Ptk2b.mRNA,NA,1,NA
MALE,upreg,Cxcl10.mRNA,NA,1,NA
MALE,upreg,Ank.mRNA,NA,1,NA
MALE,upreg,Gas6.mRNA,NA,1,NA
MALE,upreg,Epo.mRNA,NA,1,1
MALE,upreg,Dnm2.mRNA,NA,1,1
MALE,upreg,Abcc8.mRNA,NA,1,NA
MALE,upreg,Timp2.mRNA,NA,1,NA
MALE,upreg,Sqstm1.mRNA,NA,1,1
MALE,upreg,Tgfbr2.mRNA,NA,1,1
MALE,upreg,Ndufa10.mRNA,NA,1,NA
MALE,upreg,Gpnmb.mRNA,NA,1,NA
MALE,upreg,Mapk9.mRNA,NA,1,NA
MALE,upreg,Pias1.mRNA,NA,1,NA
MALE,upreg,Samm50.mRNA,NA,1,NA
MALE,upreg,Gabrr3.mRNA,NA,1,NA
MALE,upreg,Abcg2.mRNA,NA,1,NA
MALE,upreg,Lamtor3.mRNA,NA,1,NA
MALE,upreg,Serpini1.mRNA,NA,1,NA
MALE,upreg,Trac.mRNA,NA,1,1
MALE,upreg,Vdac3.mRNA,NA,1,NA
MALE,upreg,Ins2.mRNA,NA,1,NA
MALE,upreg,Des.mRNA,NA,1,NA
MALE,upreg,Myc.mRNA,NA,1,NA
MALE,upreg,Tpi1.mRNA,NA,1,NA
MALE,upreg,Katna1.mRNA,NA,1,1
MALE,upreg,Syn2.mRNA,NA,1,NA
MALE,upreg,Itgax.mRNA,NA,1,1
MALE,upreg,Dld.mRNA,NA,1,NA
MALE,upreg,Acat2.mRNA,NA,1,1
MALE,upreg,Cd163.mRNA,NA,1,NA
MALE,upreg,Pcca.mRNA,NA,1,NA
MALE,upreg,C1s1.mRNA,NA,1,1
MALE,upreg,Nos2.mRNA,NA,1,1
MALE,upreg,Fa2h.mRNA,NA,1,1
MALE,upreg,Jam3.mRNA,NA,1,NA
MALE,upreg,Rab3a.mRNA,NA,1,NA
MALE,upreg,Cacna1b.mRNA,NA,1,NA
MALE,upreg,Osmr.mRNA,NA,1,NA
MALE,upreg,Alas1.mRNA,NA,1,NA
MALE,upreg,Cnp.mRNA,NA,1,NA
MALE,upreg,C4a.mRNA,NA,1,1
MALE,upreg,Gla.mRNA,NA,1,NA
MALE,upreg,Prkcd.mRNA,NA,1,NA
MALE,upreg,Emp1.mRNA,NA,1,NA
MALE,upreg,Eif2ak1.mRNA,NA,1,1
MALE,upreg,Ctsf.mRNA,NA,1,NA
MALE,upreg,Axl.mRNA,NA,1,1
MALE,upreg,Plcb3.mRNA,NA,1,1
MALE,upreg,Pla2g4e.mRNA,NA,1,NA
MALE,upreg,Calm4.mRNA,NA,1,1
MALE,upreg,Slc1a1.mRNA,NA,1,NA
MALE,upreg,Hdc.mRNA,NA,1,NA
MALE,upreg,Psmd10.mRNA,NA,1,NA
MALE,upreg,Olig2.mRNA,NA,1,NA
MALE,upreg,Cacna1s.mRNA,NA,1,NA
MALE,upreg,Fgf14.mRNA,NA,1,1
MALE,upreg,Itpr3.mRNA,NA,1,NA
MALE,upreg,Gdnf.mRNA,NA,1,1
MALE,upreg,Gpr4.mRNA,NA,1,1
MALE,upreg,Myorg.mRNA,NA,1,NA
MALE,upreg,Slc17a6.mRNA,NA,1,NA
MALE,upreg,Syt13.mRNA,NA,1,NA
MALE,upreg,Bub3.mRNA,NA,1,NA
MALE,upreg,Rlim.mRNA,NA,NA,1
MALE,upreg,Msn.mRNA,NA,NA,1
MALE,upreg,Rapgef2.mRNA,NA,NA,1
MALE,upreg,Gprasp1.mRNA,NA,NA,1
MALE,upreg,Itpr2.mRNA,NA,NA,1
MALE,upreg,Npas4.mRNA,NA,NA,1
MALE,upreg,Cacnb2.mRNA,NA,NA,1
MALE,upreg,Cfi.mRNA,NA,NA,1
MALE,upreg,Il4.mRNA,NA,NA,1
MALE,upreg,Itgal.mRNA,NA,NA,1
MALE,upreg,X3110043O21Rik.mRNA,NA,NA,1
MALE,upreg,P2ry12.mRNA,NA,NA,1
MALE,upreg,Psen1.mRNA,NA,NA,1
MALE,upreg,Mafb.mRNA,NA,NA,1
MALE,upreg,Ptgis.mRNA,NA,NA,1
MALE,upreg,Tbx21.mRNA,NA,NA,1
MALE,upreg,P2rx7.mRNA,NA,NA,1
MALE,upreg,Tnfrsf17.mRNA,NA,NA,1
MALE,downreg,Ccl3.mRNA,1,NA,1
MALE,downreg,Gpnmb.mRNA1,1,NA,NA
MALE,downreg,Olfr110.mRNA,1,NA,NA
MALE,downreg,Gria3.mRNA1,1,NA,NA
MALE,downreg,Itgax.mRNA1,1,NA,NA
MALE,downreg,Cybb.mRNA,1,NA,NA
MALE,downreg,Emcn.mRNA,1,1,1
MALE,downreg,Cldn5.mRNA,1,1,1
MALE,downreg,Prkab1.mRNA,1,NA,1
MALE,downreg,Cd74.mRNA,1,1,NA
MALE,downreg,Lilrb4a.mRNA,1,NA,NA
MALE,downreg,Lpl.mRNA,1,NA,NA
MALE,downreg,Cacna1e.mRNA1,1,NA,NA
MALE,downreg,Acsl4.mRNA1,1,NA,NA
MALE,downreg,Lgals3.mRNA,1,NA,1
MALE,downreg,Clec7a.mRNA,1,NA,1
MALE,downreg,Ptprc.mRNA,1,NA,NA
MALE,downreg,Glrb.mRNA1,1,NA,NA
MALE,downreg,Cd68.mRNA,1,NA,NA
MALE,downreg,Cd33.mRNA,1,NA,NA
MALE,downreg,Ncam2.mRNA,1,1,1
MALE,downreg,Kcnv1.mRNA1,1,NA,NA
MALE,downreg,Scp2.mRNA,1,NA,NA
MALE,downreg,Snap25.mRNA1,1,NA,NA
MALE,downreg,Gusb.mRNA,1,1,1
MALE,downreg,Olfm3.mRNA,1,NA,NA
MALE,downreg,Cst7.mRNA,1,NA,NA
MALE,downreg,Mef2a.mRNA,1,NA,1
MALE,downreg,Gpr84.mRNA,1,NA,NA
MALE,downreg,Ywhah.mRNA,1,NA,NA
MALE,downreg,Gabrg2.mRNA,1,NA,1
MALE,downreg,Plxdc2.mRNA,1,NA,NA
MALE,downreg,Ppp3cb.mRNA1,1,NA,NA
MALE,downreg,Dld.mRNA1,1,NA,NA
MALE,downreg,H2.D1.mRNA,1,NA,NA
MALE,downreg,Gabra1.mRNA1,1,NA,NA
MALE,downreg,Hif1a.mRNA,1,NA,NA
MALE,downreg,Cacna1b.mRNA1,1,NA,NA
MALE,downreg,Glra3.mRNA1,1,NA,NA
MALE,downreg,Tlr2.mRNA,1,NA,NA
MALE,downreg,B2m.mRNA,1,NA,NA
MALE,downreg,Plcb4.mRNA1,1,NA,NA
MALE,downreg,Negr1.mRNA,1,1,1
MALE,downreg,Dlgap1.mRNA1,1,NA,NA
MALE,downreg,Casp7.mRNA,1,1,1
MALE,downreg,Syt1.mRNA1,1,NA,NA
MALE,downreg,Cd14.mRNA,1,NA,NA
MALE,downreg,Spp1.mRNA1,1,NA,NA
MALE,downreg,Ggta1.mRNA,1,NA,NA
MALE,downreg,Ctsl.mRNA1,1,NA,NA
MALE,downreg,Ywhaz.mRNA1,1,NA,NA
MALE,downreg,Tnr.mRNA1,1,NA,NA
MALE,downreg,Tgfbr1.mRNA,1,1,1
MALE,downreg,Igf1.mRNA1,1,NA,NA
MALE,downreg,Cx3cr1.mRNA,1,1,NA
MALE,downreg,Rtn4.mRNA,1,NA,1
MALE,downreg,Plcb1.mRNA1,1,NA,NA
MALE,downreg,Tcerg1.mRNA,1,NA,NA
MALE,downreg,Erlec1.mRNA,1,1,1
MALE,downreg,Magee1.mRNA,1,NA,1
MALE,downreg,Lyz2.mRNA,1,NA,NA
MALE,downreg,Itga5.mRNA,1,NA,NA
MALE,downreg,Cd84.mRNA,1,NA,NA
MALE,downreg,Basp1.mRNA,1,1,1
MALE,downreg,Ddah1.mRNA,1,NA,NA
MALE,downreg,Cyp4x1.mRNA,1,NA,NA
MALE,downreg,H2.T23.mRNA,1,NA,1
MALE,downreg,C3ar1.mRNA,1,NA,NA
MALE,downreg,Tgfbr2.mRNA1,1,NA,NA
MALE,downreg,Ctsb.mRNA,1,NA,1
MALE,downreg,Tyrobp.mRNA,1,NA,1
MALE,downreg,Arg2.mRNA1,1,NA,NA
MALE,downreg,Srgn.mRNA,1,NA,NA
MALE,downreg,Adamts1.mRNA,1,1,NA
MALE,downreg,Ube2g1.mRNA1,1,NA,NA
MALE,downreg,Gabrb3.mRNA,1,NA,1
MALE,downreg,Flt1.mRNA,1,1,1
MALE,downreg,Sh3gl2.mRNA,1,NA,NA
MALE,downreg,Cnr1.mRNA1,1,NA,NA
MALE,downreg,Csf1.mRNA,1,NA,NA
MALE,downreg,C3.mRNA,1,NA,NA
MALE,downreg,Egf.mRNA,1,NA,NA
MALE,downreg,Gria2.mRNA1,1,NA,NA
MALE,downreg,Rtn1.mRNA,1,1,1
MALE,downreg,Csf3r.mRNA,1,1,NA
MALE,downreg,Epha5.mRNA1,1,NA,NA
MALE,downreg,Serpini1.mRNA1,1,NA,NA
MALE,downreg,Cxcl15.mRNA,1,NA,NA
MALE,downreg,Opcml.mRNA,1,NA,1
MALE,downreg,Ppm1l.mRNA,1,NA,NA
MALE,downreg,Fus.mRNA,1,NA,NA
MALE,downreg,Camk2d.mRNA1,1,NA,NA
MALE,downreg,Cd34.mRNA,1,NA,1
MALE,downreg,Hexb.mRNA,1,NA,NA
MALE,downreg,Tenm4.mRNA,1,1,1
MALE,downreg,Tap1.mRNA,1,NA,NA
MALE,downreg,Grin2a.mRNA1,1,NA,NA
MALE,downreg,Spi1.mRNA,1,NA,1
MALE,downreg,Cnksr2.mRNA,1,1,NA
MALE,downreg,Hcn1.mRNA1,1,NA,NA
MALE,downreg,Nptn.mRNA1,1,NA,NA
MALE,downreg,Gpm6a.mRNA1,1,NA,NA
MALE,downreg,Atp1b1.mRNA1,1,NA,NA
MALE,downreg,C1ra.mRNA,1,NA,NA
MALE,downreg,Reep5.mRNA,1,NA,1
MALE,downreg,Lpar6.mRNA,1,1,1
MALE,downreg,Lrrc7.mRNA,1,NA,NA
MALE,downreg,Gria4.mRNA,1,1,1
MALE,downreg,Gnai1.mRNA1,1,NA,NA
MALE,downreg,Kcnab1.mRNA,1,NA,1
MALE,downreg,Cul1.mRNA,1,1,1
MALE,downreg,Ppp3r1.mRNA,1,NA,NA
MALE,downreg,Sec23a.mRNA1,1,NA,NA
MALE,downreg,Txn1.mRNA,1,NA,NA
MALE,downreg,Aqp4.mRNA,1,NA,NA
MALE,downreg,Trem2.mRNA,1,NA,NA
MALE,downreg,Ctsd.mRNA,1,NA,NA
MALE,downreg,Ms4a2.mRNA,1,1,NA
MALE,downreg,Chn1.mRNA,1,NA,1
MALE,downreg,Pde1a.mRNA,1,NA,NA
MALE,downreg,Tnfrsf11a.mRNA,1,NA,NA
MALE,downreg,Epha7.mRNA,1,NA,NA
MALE,downreg,Dclk1.mRNA,1,NA,NA
MALE,downreg,Aif1.mRNA,1,1,1
MALE,downreg,Dnm3.mRNA1,1,NA,NA
MALE,downreg,Tmsb4x.mRNA,1,NA,1
MALE,downreg,Igfbp5.mRNA,1,NA,NA
MALE,downreg,Adcyap1.mRNA,1,1,1
MALE,downreg,Hpgds.mRNA,1,NA,NA
MALE,downreg,Slc25a17.mRNA,1,NA,1
MALE,downreg,Cadps.mRNA,1,1,1
MALE,downreg,Nova1.mRNA,1,1,1
MALE,downreg,Calb1.mRNA,1,NA,NA
MALE,downreg,Pdha1.mRNA1,1,NA,NA
MALE,downreg,Nrcam.mRNA1,1,NA,NA
MALE,downreg,Gabra4.mRNA,1,NA,1
MALE,downreg,Grn.mRNA,1,NA,NA
MALE,downreg,Psmb8.mRNA,1,1,NA
MALE,downreg,Gsk3b.mRNA,1,1,1
MALE,downreg,Orc3.mRNA,1,NA,NA
MALE,downreg,Plp1.mRNA1,1,NA,NA
MALE,downreg,Cntf.mRNA,1,1,1
MALE,downreg,Sox2.mRNA,1,1,1
MALE,downreg,Pecam1.mRNA,1,1,1
MALE,downreg,Cacna2d1.mRNA,1,1,1
MALE,downreg,Ugcg.mRNA,1,NA,1
MALE,downreg,Klrk1.mRNA,1,NA,NA
MALE,downreg,Ctss.mRNA,1,NA,NA
MALE,downreg,Vegfa.mRNA,1,1,1
MALE,downreg,Il1a.mRNA,1,NA,NA
MALE,downreg,Gla.mRNA1,1,NA,NA
MALE,downreg,Mmp12.mRNA,1,NA,NA
MALE,downreg,Casp3.mRNA,1,1,1
MALE,downreg,Gpr34.mRNA,1,NA,NA
MALE,downreg,Gfap.mRNA,1,NA,NA
MALE,downreg,Sox9.mRNA,1,1,1
MALE,downreg,Gabra5.mRNA,1,NA,NA
MALE,downreg,Mal2.mRNA,1,NA,1
MALE,downreg,Cd9.mRNA,1,1,1
MALE,downreg,Nrxn1.mRNA,1,1,1
MALE,downreg,C1qa.mRNA,1,1,1
MALE,downreg,Map2.mRNA,1,1,1
MALE,downreg,Gad2.mRNA1,1,NA,NA
MALE,downreg,Adam22.mRNA1,1,NA,NA
MALE,downreg,Slc11a1.mRNA,1,NA,NA
MALE,downreg,Lgmn.mRNA1,1,NA,NA
MALE,downreg,Epb41l3.mRNA,1,1,1
MALE,downreg,Dock3.mRNA1,1,NA,NA
MALE,downreg,Atcay.mRNA,NA,1,1
MALE,downreg,Usp30.mRNA,NA,1,1
MALE,downreg,Atp6v0e2.mRNA,NA,1,1
MALE,downreg,Park7.mRNA,NA,1,1
MALE,downreg,Unc13a.mRNA,NA,1,1
MALE,downreg,Mbp.mRNA,NA,1,1
MALE,downreg,Gnai2.mRNA1,NA,1,1
MALE,downreg,Bcas1.mRNA,NA,1,1
MALE,downreg,Cadm3.mRNA,NA,1,1
MALE,downreg,Plekhb1.mRNA,NA,1,1
MALE,downreg,Camk2b.mRNA,NA,1,1
MALE,downreg,Prpf31.mRNA,NA,1,1
MALE,downreg,Rnf10.mRNA,NA,1,1
MALE,downreg,Map2k2.mRNA,NA,1,1
MALE,downreg,Ap1s1.mRNA1,NA,1,1
MALE,downreg,Akt1s1.mRNA1,NA,1,1
MALE,downreg,Kif3a.mRNA,NA,1,1
MALE,downreg,Ap2b1.mRNA,NA,1,1
MALE,downreg,Prkcb.mRNA,NA,1,1
MALE,downreg,Shh.mRNA,NA,1,1
MALE,downreg,Arsa.mRNA,NA,1,1
MALE,downreg,Bin1.mRNA,NA,1,1
MALE,downreg,Keap1.mRNA,NA,1,1
MALE,downreg,Rbx1.mRNA,NA,1,1
MALE,downreg,Efnb3.mRNA1,NA,1,1
MALE,downreg,Dlg4.mRNA1,NA,1,1
MALE,downreg,Ina.mRNA,NA,1,1
MALE,downreg,Adora2a.mRNA,NA,1,1
MALE,downreg,Tln2.mRNA,NA,1,1
MALE,downreg,Npy.mRNA,NA,1,1
MALE,downreg,Atf6.mRNA,NA,1,1
MALE,downreg,Slu7.mRNA,NA,1,1
MALE,downreg,Pnkd.mRNA,NA,1,1
MALE,downreg,Sptbn2.mRNA,NA,1,1
MALE,downreg,Pde4d.mRNA1,NA,1,1
MALE,downreg,Htr1a.mRNA,NA,1,1
MALE,downreg,Lrrc4.mRNA,NA,1,1
MALE,downreg,Grin2b.mRNA,NA,1,1
MALE,downreg,Prnp.mRNA,NA,1,1
MALE,downreg,Snap91.mRNA,NA,1,1
MALE,downreg,Emp2.mRNA,NA,1,1
MALE,downreg,Atp6v1e1.mRNA,NA,1,1
MALE,downreg,Serpine2.mRNA,NA,1,1
MALE,downreg,Prkca.mRNA,NA,1,1
MALE,downreg,Sf3b2.mRNA,NA,1,1
MALE,downreg,Ppp2r5e.mRNA,NA,1,1
MALE,downreg,Efna5.mRNA,NA,1,1
MALE,downreg,Cds1.mRNA,NA,1,1
MALE,downreg,Dlg3.mRNA,NA,1,1
MALE,downreg,Apoe.mRNA,NA,1,1
MALE,downreg,Ltbr.mRNA,NA,1,1
MALE,downreg,Hras.mRNA,NA,1,1
MALE,downreg,Slc32a1.mRNA,NA,1,1
MALE,downreg,Kcna1.mRNA,NA,1,1
MALE,downreg,Ccnd1.mRNA,NA,1,1
MALE,downreg,Kcnb1.mRNA,NA,1,1
MALE,downreg,Sp1.mRNA,NA,1,1
MALE,downreg,Pla2g16.mRNA,NA,1,1
MALE,downreg,Sugt1.mRNA,NA,1,1
MALE,downreg,Ptprn2.mRNA,NA,1,1
MALE,downreg,Cdc40.mRNA,NA,1,1
MALE,downreg,Abca1.mRNA,NA,1,1
MALE,downreg,Epha6.mRNA,NA,1,1
MALE,downreg,Gpd1l.mRNA,NA,1,1
MALE,downreg,Pten.mRNA,NA,1,1
MALE,downreg,Gria1.mRNA,NA,1,1
MALE,downreg,Pik3r1.mRNA,NA,1,1
MALE,downreg,Pink1.mRNA1,NA,1,1
MALE,downreg,Gabarapl1.mRNA,NA,1,1
MALE,downreg,Prkcz.mRNA1,NA,1,1
MALE,downreg,Cab39.mRNA,NA,1,1
MALE,downreg,Pls1.mRNA,NA,1,1
MALE,downreg,Rdx.mRNA,NA,1,1
MALE,downreg,Ppp2r5c.mRNA,NA,1,1
MALE,downreg,Fth1.mRNA,NA,1,1
MALE,downreg,Mnat1.mRNA,NA,1,1
MALE,downreg,Adam10.mRNA,NA,1,1
MALE,downreg,Brms1l.mRNA,NA,1,1
MALE,downreg,Nlk.mRNA,NA,1,1
MALE,downreg,Col4a2.mRNA,NA,1,1
MALE,downreg,Neo1.mRNA,NA,1,1
MALE,downreg,Tpm1.mRNA,NA,1,1
MALE,downreg,Bcas2.mRNA,NA,1,1
MALE,downreg,Opa1.mRNA,NA,1,1
MALE,downreg,Adra2a.mRNA1,NA,1,1
MALE,downreg,Hdac7.mRNA,NA,1,1
MALE,downreg,Adh5.mRNA,NA,1,1
MALE,downreg,Rims1.mRNA,NA,1,1
MALE,downreg,Lclat1.mRNA,NA,1,1
MALE,downreg,Sod1.mRNA,NA,1,1
MALE,downreg,Calm1.mRNA,NA,1,1
MALE,downreg,Cxcl12.mRNA,NA,1,1
MALE,downreg,Pvalb.mRNA,NA,1,1
MALE,downreg,Mapk10.mRNA,NA,1,1
MALE,downreg,P2rx4.mRNA,NA,1,1
MALE,downreg,Dlat.mRNA,NA,1,1
MALE,downreg,Palm.mRNA1,NA,1,1
MALE,downreg,Atxn7.mRNA,NA,1,1
MALE,downreg,Rab3c.mRNA,NA,1,1
MALE,downreg,Abat.mRNA,NA,1,1
MALE,downreg,Synj1.mRNA,NA,1,1
MALE,downreg,Sod2.mRNA,NA,1,1
MALE,downreg,Tfam.mRNA,NA,1,1
MALE,downreg,Arpc5l.mRNA,NA,1,1
MALE,downreg,Pak1.mRNA,NA,1,1
MALE,downreg,Ppp3ca.mRNA,NA,1,1
MALE,downreg,Sncb.mRNA,NA,1,1
MALE,downreg,Dnm1l.mRNA,NA,1,1
MALE,downreg,Gnaq.mRNA,NA,1,1
MALE,downreg,Arpc1a.mRNA,NA,1,1
MALE,downreg,Inpp5f.mRNA,NA,1,1
MALE,downreg,Dcx.mRNA,NA,1,1
MALE,downreg,Prkaa2.mRNA,NA,1,1
MALE,downreg,Eif2s1.mRNA,NA,1,1
MALE,downreg,Rit2.mRNA,NA,1,1
MALE,downreg,Smn1.mRNA,NA,1,1
MALE,downreg,Eid1.mRNA,NA,1,1
MALE,downreg,Dnaja2.mRNA,NA,1,1
MALE,downreg,Rac1.mRNA,NA,1,1
MALE,downreg,Trim26.mRNA,NA,1,1
MALE,downreg,Bnip3.mRNA,NA,1,1
MALE,downreg,Gabrb2.mRNA,NA,1,1
MALE,downreg,Ap2m1.mRNA,NA,1,1
MALE,downreg,Ube2k.mRNA,NA,1,1
MALE,downreg,Slc25a4.mRNA,NA,1,1
MALE,downreg,Xiap.mRNA,NA,1,1
MALE,downreg,Ptprr.mRNA,NA,1,1
MALE,downreg,Ube3a.mRNA,NA,1,1
MALE,downreg,Nol3.mRNA,NA,1,1
MALE,downreg,Lypla1.mRNA,NA,1,1
MALE,downreg,S100b.mRNA,NA,1,1
MALE,downreg,Parp1.mRNA1,NA,1,1
MALE,downreg,Nefl.mRNA,NA,1,1
MALE,downreg,Cers4.mRNA,NA,1,1
MALE,downreg,Akt2.mRNA,NA,1,NA
MALE,downreg,C1qb.mRNA,NA,1,1
MALE,downreg,Lag3.mRNA,NA,1,1
MALE,downreg,Lmna.mRNA,NA,1,1
MALE,downreg,Shc3.mRNA,NA,1,1
MALE,downreg,Grm2.mRNA,NA,1,1
MALE,downreg,Cacnb4.mRNA,NA,1,1
MALE,downreg,Kras.mRNA,NA,1,1
MALE,downreg,Ncl.mRNA,NA,1,NA
MALE,downreg,Asns.mRNA,NA,1,1
MALE,downreg,Hap1.mRNA1,NA,1,NA
MALE,downreg,Adcy1.mRNA,NA,1,1
MALE,downreg,Atp6v1h.mRNA,NA,1,1
MALE,downreg,Taf4b.mRNA,NA,1,1
MALE,downreg,Adcy5.mRNA,NA,1,1
MALE,downreg,Cdc27.mRNA,NA,1,1
MALE,downreg,Txnl1.mRNA,NA,1,1
MALE,downreg,Cul3.mRNA,NA,1,1
MALE,downreg,Ifngr2.mRNA,NA,1,1
MALE,downreg,Apc.mRNA,NA,1,1
MALE,downreg,Gtf2a1.mRNA,NA,1,1
MALE,downreg,Atp6v0c.mRNA,NA,1,NA
MALE,downreg,Wfs1.mRNA,NA,1,1
MALE,downreg,Mmut.mRNA,NA,1,1
MALE,downreg,Ddit3.mRNA1,NA,1,1
MALE,downreg,Actn1.mRNA1,NA,1,1
MALE,downreg,Gng3.mRNA,NA,1,1
MALE,downreg,Twistnb.mRNA,NA,1,1
MALE,downreg,Gal3st1.mRNA,NA,1,1
MALE,downreg,Psma5.mRNA,NA,1,1
MALE,downreg,Nts.mRNA,NA,1,1
MALE,downreg,Crot.mRNA,NA,1,1
MALE,downreg,Atp6v1g2.mRNA,NA,1,1
MALE,downreg,Rasa1.mRNA,NA,1,1
MALE,downreg,Insr.mRNA,NA,1,1
MALE,downreg,Rock2.mRNA,NA,1,1
MALE,downreg,Vip.mRNA,NA,1,1
MALE,downreg,Pros1.mRNA,NA,1,1
MALE,downreg,Gtf2h1.mRNA,NA,1,1
MALE,downreg,Ppp2ca.mRNA,NA,1,1
MALE,downreg,Mmp24.mRNA1,NA,1,1
MALE,downreg,Serpinb6a.mRNA1,NA,1,1
MALE,downreg,Nwd1.mRNA,NA,1,1
MALE,downreg,Ccnh.mRNA,NA,1,1
MALE,downreg,Pik3cb.mRNA,NA,1,NA
MALE,downreg,Acvrl1.mRNA,NA,1,1
MALE,downreg,Prkcsh.mRNA1,NA,1,1
MALE,downreg,Cers2.mRNA,NA,1,1
MALE,downreg,Zfp365.mRNA,NA,1,1
MALE,downreg,Optn.mRNA,NA,1,1
MALE,downreg,Ap3s1.mRNA,NA,1,1
MALE,downreg,Acsl3.mRNA,NA,1,1
MALE,downreg,Cul2.mRNA,NA,1,1
MALE,downreg,Fmr1.mRNA,NA,1,1
MALE,downreg,Mmp16.mRNA,NA,1,1
MALE,downreg,Akt3.mRNA,NA,1,1
MALE,downreg,Eloc.mRNA,NA,1,1
MALE,downreg,Tlr3.mRNA,NA,1,1
MALE,downreg,Zfp24.mRNA,NA,1,1
MALE,downreg,Gga1.mRNA,NA,1,1
MALE,downreg,Hmgb1.mRNA,NA,1,1
MALE,downreg,Lsm7.mRNA,NA,1,1
MALE,downreg,Phf21a.mRNA,NA,1,1
MALE,downreg,Ring1.mRNA,NA,1,1
MALE,downreg,Grm5.mRNA,NA,1,1
MALE,downreg,Sptan1.mRNA,NA,1,1
MALE,downreg,Htra2.mRNA,NA,1,1
MALE,downreg,Trim37.mRNA,NA,1,1
MALE,downreg,Cycs.mRNA,NA,1,1
MALE,downreg,Ngf.mRNA,NA,1,1
MALE,downreg,Smpd4.mRNA,NA,1,1
MALE,downreg,C1qc.mRNA,NA,1,1
MALE,downreg,Oxr1.mRNA,NA,1,1
MALE,downreg,Stmn1.mRNA,NA,1,1
MALE,downreg,Plcl2.mRNA1,NA,1,NA
MALE,downreg,Hnrnpm.mRNA,NA,1,1
MALE,downreg,Myo5a.mRNA,NA,1,1
MALE,downreg,Abcb1a.mRNA,NA,1,1
MALE,downreg,Naglu.mRNA,NA,1,1
MALE,downreg,Atp9a.mRNA,NA,1,1
MALE,downreg,Gbp2.mRNA,NA,1,1
MALE,downreg,Map2k4.mRNA,NA,1,1
MALE,downreg,Arrb2.mRNA,NA,1,NA
MALE,downreg,Stambpl1.mRNA1,NA,1,1
MALE,downreg,Npc2.mRNA,NA,1,1
MALE,downreg,Tmem47.mRNA,NA,1,1
MALE,downreg,Rorb.mRNA,NA,1,NA
MALE,downreg,Adgra2.mRNA,NA,1,NA
MALE,downreg,Ccl12.mRNA,NA,1,1
MALE,downreg,Bid.mRNA,NA,1,1
MALE,downreg,Taf10.mRNA,NA,1,1
MALE,downreg,Hadh.mRNA,NA,1,1
MALE,downreg,Dgkb.mRNA,NA,1,1
MALE,downreg,Polr2k.mRNA,NA,1,1
MALE,downreg,Bad.mRNA,NA,1,1
MALE,downreg,Chmp2b.mRNA,NA,1,1
MALE,downreg,Icam2.mRNA,NA,1,1
MALE,downreg,Arpc2.mRNA,NA,1,1
MALE,downreg,Calb2.mRNA1,NA,1,1
MALE,downreg,Creb1.mRNA,NA,1,1
MALE,downreg,Skp1a.mRNA,NA,1,1
MALE,downreg,Syt7.mRNA,NA,1,NA
MALE,downreg,Scn1a.mRNA,NA,1,NA
MALE,downreg,Trf.mRNA,NA,1,NA
MALE,downreg,Taf4.mRNA,NA,1,1
MALE,downreg,Casp6.mRNA,NA,1,NA
MALE,downreg,Atp5b.mRNA,NA,1,1
MALE,downreg,Stx1a.mRNA,NA,1,1
MALE,downreg,Ran.mRNA,NA,1,NA
MALE,downreg,Akt1.mRNA,NA,1,1
MALE,downreg,E2f3.mRNA,NA,1,1
MALE,downreg,Egfl7.mRNA,NA,1,1
MALE,downreg,Dot1l.mRNA1,NA,1,NA
MALE,downreg,Aldh1a1.mRNA,NA,1,NA
MALE,downreg,Parp2.mRNA,NA,1,1
MALE,downreg,Ermn.mRNA,NA,1,NA
MALE,downreg,Gsr.mRNA1,NA,1,NA
MALE,downreg,Crebbp.mRNA,NA,1,NA
MALE,downreg,Fgf13.mRNA,NA,1,1
MALE,downreg,Vim.mRNA,NA,1,1
MALE,downreg,Mapt.mRNA,NA,1,1
MALE,downreg,Nuak1.mRNA1,NA,1,1
MALE,downreg,Sucla2.mRNA,NA,1,1
MALE,downreg,Tomm70a.mRNA,NA,1,1
MALE,downreg,Thy1.mRNA,NA,1,1
MALE,downreg,Nes.mRNA,NA,1,NA
MALE,downreg,Cdk5r1.mRNA,NA,1,1
MALE,downreg,Selenos.mRNA,NA,1,1
MALE,downreg,Nme5.mRNA,NA,1,1
MALE,downreg,Rab2a.mRNA,NA,1,1
MALE,downreg,Spast.mRNA,NA,1,NA
MALE,downreg,Xbp1.mRNA1,NA,1,1
MALE,downreg,Sumo1.mRNA,NA,1,1
MALE,downreg,Pik3ca.mRNA,NA,1,NA
MALE,downreg,Sall1.mRNA,NA,1,NA
MALE,downreg,Tnc.mRNA,NA,1,1
MALE,downreg,Camk2a.mRNA,NA,1,1
MALE,downreg,Mapkapk2.mRNA1,NA,1,NA
MALE,downreg,Grb2.mRNA,NA,1,1
MALE,downreg,Atg12.mRNA,NA,1,1
MALE,downreg,Ppp2r2b.mRNA,NA,1,1
MALE,downreg,Olfml3.mRNA,NA,1,NA
MALE,downreg,Cdkn1a.mRNA1,NA,1,1
MALE,downreg,Panx1.mRNA,NA,1,1
MALE,downreg,Lamp1.mRNA,NA,1,1
MALE,downreg,Phf2.mRNA1,NA,1,NA
MALE,downreg,Gabra3.mRNA,NA,1,1
MALE,downreg,Trim45.mRNA,NA,1,1
MALE,downreg,Cdc7.mRNA,NA,1,NA
MALE,downreg,Immt.mRNA,NA,1,1
MALE,downreg,Lsm2.mRNA1,NA,1,1
MALE,downreg,Usp2.mRNA,NA,1,1
MALE,downreg,Cacna1d.mRNA,NA,1,NA
MALE,downreg,Kcnq5.mRNA,NA,1,1
MALE,downreg,Mag.mRNA,NA,1,NA
MALE,downreg,Pcsk2.mRNA,NA,1,1
MALE,downreg,Ncf1.mRNA,NA,1,NA
MALE,downreg,Sart1.mRNA,NA,1,NA
MALE,downreg,Cast.mRNA,NA,1,1
MALE,downreg,Rab6b.mRNA,NA,1,NA
MALE,downreg,Tmem100.mRNA,NA,1,NA
MALE,downreg,Ptpn11.mRNA,NA,1,NA
MALE,downreg,Grik2.mRNA,NA,1,1
MALE,downreg,Sec61a2.mRNA,NA,1,1
MALE,downreg,Sirpa.mRNA,NA,1,1
MALE,downreg,Cck.mRNA,NA,1,1
MALE,downreg,Acat1.mRNA,NA,1,1
MALE,downreg,Crh.mRNA,NA,1,1
MALE,downreg,Olig1.mRNA,NA,1,NA
MALE,downreg,Arl6ip5.mRNA,NA,NA,1
MALE,downreg,Acot13.mRNA,NA,NA,1
MALE,downreg,Ube2n.mRNA,NA,NA,1
MALE,downreg,Taf9.mRNA,NA,NA,1
MALE,downreg,Calm2.mRNA,NA,NA,1
MALE,downreg,Pcna.mRNA,NA,NA,1
MALE,downreg,Mmrn2.mRNA,NA,NA,1
MALE,downreg,Polr2j.mRNA,NA,NA,1
MALE,downreg,Orc5.mRNA,NA,NA,1
MALE,downreg,Dnajb9.mRNA,NA,NA,1
MALE,downreg,Tomm20.mRNA,NA,NA,1
MALE,downreg,Ppt1.mRNA,NA,NA,1
MALE,downreg,Tspan7.mRNA,NA,NA,1
MALE,downreg,S100a10.mRNA,NA,NA,1
MALE,downreg,Orc4.mRNA,NA,NA,1
MALE,downreg,Rab1a.mRNA,NA,NA,1
MALE,downreg,Sri.mRNA,NA,NA,1
MALE,downreg,Sparc.mRNA,NA,NA,1
MALE,downreg,Il18.mRNA,NA,NA,1
MALE,downreg,Taz.mRNA,NA,NA,1
MALE,downreg,Cst3.mRNA,NA,NA,1
MALE,downreg,Scoc.mRNA,NA,NA,1
MALE,downreg,Sall3.mRNA,NA,NA,1
MALE,downreg,Map1lc3b.mRNA,NA,NA,1
MALE,downreg,Atp6v1g1.mRNA,NA,NA,1
MALE,downreg,Esam.mRNA,NA,NA,1
MALE,downreg,Adgrl4.mRNA1,NA,NA,1
MALE,downreg,Psmc6.mRNA,NA,NA,1
MALE,downreg,Adgrg1.mRNA,NA,NA,1
MALE,downreg,Sirt5.mRNA,NA,NA,1
MALE,downreg,Amigo1.mRNA,NA,NA,1
MALE,downreg,Prkce.mRNA,NA,NA,1
MALE,downreg,Ranbp9.mRNA,NA,NA,1
MALE,downreg,Gnas.mRNA,NA,NA,1
MALE,downreg,Nqo1.mRNA,NA,NA,1
MALE,downreg,Gtf2b.mRNA,NA,NA,1
MALE,downreg,Tspo.mRNA,NA,NA,1
MALE,downreg,Clta.mRNA,NA,NA,1
MALE,downreg,Extl2.mRNA,NA,NA,1
MALE,downreg,Homer1.mRNA,NA,NA,1
MALE,downreg,Ang.mRNA,NA,NA,1
MALE,downreg,Atxn3.mRNA,NA,NA,1
MALE,downreg,Ifnar1.mRNA,NA,NA,1
MALE,downreg,Prkar1a.mRNA,NA,NA,1
MALE,downreg,Apaf1.mRNA1,NA,NA,1
MALE,downreg,Prpf3.mRNA1,NA,NA,1
MALE,downreg,Psmb9.mRNA,NA,NA,1
MALE,downreg,Ckb.mRNA,NA,NA,1
MALE,downreg,Ywhae.mRNA,NA,NA,1
MALE,downreg,Grin2c.mRNA,NA,NA,1
MALE,downreg,Gng2.mRNA,NA,NA,1
MALE,downreg,Cntnap2.mRNA,NA,NA,1
MALE,downreg,Gata2.mRNA,NA,NA,1
MALE,downreg,Adcy9.mRNA,NA,NA,1
MALE,downreg,Fabp5.mRNA,NA,NA,1
MALE,downreg,Atp6v1d.mRNA,NA,NA,1
MALE,downreg,Slc7a8.mRNA,NA,NA,1
MALE,downreg,Ahcyl1.mRNA,NA,NA,1
MALE,downreg,Psmd14.mRNA,NA,NA,1
MALE,downreg,Ctsw.mRNA,NA,NA,1
MALE,downreg,Vdac1.mRNA,NA,NA,1
MALE,downreg,Drd1.mRNA1,NA,NA,1
MALE,downreg,Il6ra.mRNA1,NA,NA,1
MALE,downreg,Fgf12.mRNA,NA,NA,1
MALE,downreg,Fcrls.mRNA,NA,NA,1
MALE,downreg,Ank2.mRNA,NA,NA,1
MALE,downreg,Ube2d2a.b.mRNA,NA,NA,1
MALE,downreg,Pllp.mRNA,NA,NA,1
MALE,downreg,Mapk8.mRNA,NA,NA,1
MALE,downreg,Casp1.mRNA,NA,NA,1
FEMALE,upreg,Cdkn1a.mRNA2,1,NA,NA
FEMALE,upreg,Taf4.mRNA1,1,NA,1
FEMALE,upreg,Nr4a2.mRNA1,1,1,1
FEMALE,upreg,Klrk1.mRNA1,1,1,1
FEMALE,upreg,Trim17.mRNA1,1,1,1
FEMALE,upreg,Bhlhe40.mRNA1,1,1,1
FEMALE,upreg,Calb2.mRNA2,1,NA,NA
FEMALE,upreg,Cxcl11.mRNA1,1,1,1
FEMALE,upreg,Ass1.mRNA1,1,1,NA
FEMALE,upreg,Mmp24.mRNA2,1,1,1
FEMALE,upreg,Ctns.mRNA,1,NA,1
FEMALE,upreg,Hap1.mRNA2,1,1,1
FEMALE,upreg,Il6ra.mRNA2,1,NA,NA
FEMALE,upreg,Nmb.mRNA,1,NA,NA
FEMALE,upreg,Prpf3.mRNA2,1,NA,NA
FEMALE,upreg,Nfkbia.mRNA1,1,NA,1
FEMALE,upreg,Gstp1.mRNA1,1,NA,NA
FEMALE,upreg,Arc.mRNA1,1,NA,1
FEMALE,upreg,Lpar1.mRNA,1,1,1
FEMALE,upreg,Usp21.mRNA1,1,NA,1
FEMALE,upreg,Ptgis.mRNA1,1,1,1
FEMALE,upreg,Egr1.mRNA1,1,1,1
FEMALE,upreg,Mtmr4.mRNA1,1,1,1
FEMALE,upreg,Slc32a1.mRNA1,1,NA,NA
FEMALE,upreg,Icam2.mRNA1,1,1,NA
FEMALE,upreg,Acin1.mRNA1,1,1,1
FEMALE,upreg,Tnfrsf10b.mRNA,1,1,1
FEMALE,upreg,Gtf2h1.mRNA1,1,NA,NA
FEMALE,upreg,Xbp1.mRNA2,1,NA,NA
FEMALE,upreg,Apaf1.mRNA2,1,NA,1
FEMALE,upreg,Ccl2.mRNA,1,1,1
FEMALE,upreg,Cables1.mRNA1,1,1,1
FEMALE,upreg,Ticam1.mRNA,1,1,1
FEMALE,upreg,Phf2.mRNA2,1,1,1
FEMALE,upreg,Atp6v0e.mRNA1,1,NA,NA
FEMALE,upreg,Atf4.mRNA1,1,NA,1
FEMALE,upreg,Ccl12.mRNA1,1,NA,NA
FEMALE,upreg,Ccr2.mRNA,1,NA,1
FEMALE,upreg,Ntrk1.mRNA1,1,1,1
FEMALE,upreg,Slc2a1.mRNA1,1,1,1
FEMALE,upreg,Fn1.mRNA1,1,1,1
FEMALE,upreg,Ccr5.mRNA,1,NA,1
FEMALE,upreg,U2af2.mRNA1,1,1,1
FEMALE,upreg,Hspb1.mRNA1,1,1,1
FEMALE,upreg,Sirt1.mRNA,1,NA,NA
FEMALE,upreg,Asns.mRNA1,1,NA,NA
FEMALE,upreg,Bad.mRNA1,1,NA,NA
FEMALE,upreg,Mapk3.mRNA1,1,1,1
FEMALE,upreg,Bhlhe41.mRNA1,1,1,1
FEMALE,upreg,Pqbp1.mRNA,1,NA,NA
FEMALE,upreg,Efnb3.mRNA2,1,NA,NA
FEMALE,upreg,Nol3.mRNA1,1,NA,1
FEMALE,upreg,Spib.mRNA1,1,1,1
FEMALE,upreg,Col4a1.mRNA,1,NA,1
FEMALE,upreg,Taf4b.mRNA1,1,NA,NA
FEMALE,upreg,Prkaca.mRNA,1,NA,NA
FEMALE,upreg,Pah.mRNA1,1,1,1
FEMALE,upreg,Ms4a4a.mRNA1,1,NA,1
FEMALE,upreg,Sh2d1a.mRNA,1,1,1
FEMALE,upreg,Ap1s1.mRNA2,1,NA,NA
FEMALE,upreg,Prkcsh.mRNA2,1,1,1
FEMALE,upreg,Srsf4.mRNA1,1,1,1
FEMALE,upreg,Palm.mRNA2,1,NA,1
FEMALE,upreg,Optn.mRNA1,1,NA,NA
FEMALE,upreg,Pla2g4c.mRNA1,1,NA,NA
FEMALE,upreg,Ip6k2.mRNA,1,NA,NA
FEMALE,upreg,Rit2.mRNA1,1,NA,NA
FEMALE,upreg,Bche.mRNA1,1,NA,NA
FEMALE,upreg,Adgra2.mRNA1,1,1,NA
FEMALE,upreg,Cers6.mRNA1,1,1,1
FEMALE,upreg,Pla2g4d.mRNA1,1,1,1
FEMALE,upreg,Nostrin.mRNA1,1,NA,NA
FEMALE,upreg,Arpc2.mRNA1,1,NA,NA
FEMALE,upreg,Map2k2.mRNA1,1,NA,NA
FEMALE,upreg,Serpinb6a.mRNA2,1,NA,NA
FEMALE,upreg,Erg.mRNA,1,NA,1
FEMALE,upreg,Gpr4.mRNA1,1,1,1
FEMALE,upreg,Cd200r1.mRNA,1,NA,NA
FEMALE,upreg,Park7.mRNA1,1,NA,NA
FEMALE,upreg,Mecp2.mRNA1,1,1,1
FEMALE,upreg,Nuak1.mRNA2,1,NA,1
FEMALE,upreg,Angpt2.mRNA1,1,NA,1
FEMALE,upreg,Egr2.mRNA1,1,NA,1
FEMALE,upreg,Rac1.mRNA1,1,NA,NA
FEMALE,upreg,Slc6a3.mRNA,1,1,1
FEMALE,upreg,Fasl.mRNA1,1,1,1
FEMALE,upreg,Axin2.mRNA1,1,1,1
FEMALE,upreg,Ep300.mRNA1,1,NA,1
FEMALE,upreg,Adra2a.mRNA2,1,NA,NA
FEMALE,upreg,Slc18a3.mRNA1,NA,1,1
FEMALE,upreg,Shank2.mRNA1,NA,1,1
FEMALE,upreg,Cacna1a.mRNA1,NA,1,1
FEMALE,upreg,Ulk1.mRNA,NA,1,1
FEMALE,upreg,Ube4b.mRNA1,NA,1,1
FEMALE,upreg,Unc80.mRNA1,NA,1,1
FEMALE,upreg,Hsd17b4.mRNA1,NA,1,1
FEMALE,upreg,Trim2.mRNA1,NA,1,1
FEMALE,upreg,Lrp1.mRNA1,NA,1,1
FEMALE,upreg,Mtor.mRNA1,NA,1,1
FEMALE,upreg,Cspg4.mRNA1,NA,1,1
FEMALE,upreg,Arhgap44.mRNA1,NA,1,1
FEMALE,upreg,Por.mRNA1,NA,1,1
FEMALE,upreg,B4galt5.mRNA1,NA,1,1
FEMALE,upreg,Cyfip2.mRNA1,NA,1,1
FEMALE,upreg,Braf.mRNA1,NA,1,1
FEMALE,upreg,Etv5.mRNA1,NA,1,1
FEMALE,upreg,Adar.mRNA1,NA,1,1
FEMALE,upreg,Smad3.mRNA1,NA,1,1
FEMALE,upreg,Kcnq3.mRNA1,NA,1,1
FEMALE,upreg,Gaa.mRNA1,NA,1,1
FEMALE,upreg,Atp2b3.mRNA1,NA,1,1
FEMALE,upreg,Sqstm1.mRNA1,NA,1,1
FEMALE,upreg,Dagla.mRNA1,NA,1,1
FEMALE,upreg,Nos1ap.mRNA1,NA,1,1
FEMALE,upreg,Khsrp.mRNA1,NA,1,1
FEMALE,upreg,Amph.mRNA1,NA,1,1
FEMALE,upreg,Prkcg.mRNA,NA,1,1
FEMALE,upreg,Gnao1.mRNA1,NA,1,1
FEMALE,upreg,Kcnd1.mRNA,NA,1,1
FEMALE,upreg,Ptprm.mRNA1,NA,1,1
FEMALE,upreg,Gad1.mRNA1,NA,1,1
FEMALE,upreg,AI464131.mRNA1,NA,1,1
FEMALE,upreg,Ryr2.mRNA1,NA,1,1
FEMALE,upreg,Ptpn11.mRNA1,NA,1,1
FEMALE,upreg,Ptk2b.mRNA1,NA,1,1
FEMALE,upreg,Inpp4a.mRNA1,NA,1,1
FEMALE,upreg,Dlgap1.mRNA2,NA,1,1
FEMALE,upreg,Sorl1.mRNA1,NA,1,1
FEMALE,upreg,Cacna1e.mRNA2,NA,1,1
FEMALE,upreg,P2ry1.mRNA1,NA,1,1
FEMALE,upreg,Scn8a.mRNA1,NA,1,1
FEMALE,upreg,Gad2.mRNA2,NA,1,1
FEMALE,upreg,Gpr17.mRNA1,NA,1,1
FEMALE,upreg,Tsc1.mRNA1,NA,1,1
FEMALE,upreg,Xk.mRNA1,NA,1,1
FEMALE,upreg,Phf19.mRNA1,NA,1,1
FEMALE,upreg,Cd3d.mRNA1,NA,1,1
FEMALE,upreg,Atp2b2.mRNA1,NA,1,1
FEMALE,upreg,Acly.mRNA1,NA,1,1
FEMALE,upreg,Stat3.mRNA,NA,1,1
FEMALE,upreg,Tnfrsf21.mRNA1,NA,1,1
FEMALE,upreg,Atp1a1.mRNA1,NA,1,1
FEMALE,upreg,Atg2b.mRNA1,NA,1,1
FEMALE,upreg,Islr2.mRNA1,NA,1,1
FEMALE,upreg,Prkacb.mRNA1,NA,1,1
FEMALE,upreg,Ubqln1.mRNA1,NA,1,1
FEMALE,upreg,Atp2a2.mRNA1,NA,1,1
FEMALE,upreg,Syn1.mRNA1,NA,1,1
FEMALE,upreg,Bace1.mRNA1,NA,1,1
FEMALE,upreg,Mfn2.mRNA1,NA,1,1
FEMALE,upreg,Nmnat2.mRNA1,NA,1,1
FEMALE,upreg,Kcnd2.mRNA1,NA,1,1
FEMALE,upreg,Btrc.mRNA1,NA,1,1
FEMALE,upreg,Ubqln2.mRNA1,NA,1,1
FEMALE,upreg,Tnr.mRNA2,NA,1,1
FEMALE,upreg,Map3k4.mRNA1,NA,1,1
FEMALE,upreg,Pla2g2f.mRNA1,NA,1,1
FEMALE,upreg,Myorg.mRNA1,NA,1,1
FEMALE,upreg,Crkl.mRNA1,NA,1,1
FEMALE,upreg,Atp2b4.mRNA1,NA,1,1
FEMALE,upreg,Gabrp.mRNA1,NA,1,1
FEMALE,upreg,Plcb1.mRNA2,NA,1,1
FEMALE,upreg,Hk1.mRNA1,NA,1,1
FEMALE,upreg,Dclk1.mRNA1,NA,1,1
FEMALE,upreg,Arhgef10.mRNA1,NA,1,1
FEMALE,upreg,Hsp90ab1.mRNA,NA,1,1
FEMALE,upreg,Chd4.mRNA1,NA,1,1
FEMALE,upreg,Slc38a1.mRNA1,NA,1,1
FEMALE,upreg,Slc12a5.mRNA1,NA,1,1
FEMALE,upreg,Prkab2.mRNA1,NA,1,1
FEMALE,upreg,Alas1.mRNA1,NA,1,1
FEMALE,upreg,Slc24a3.mRNA,NA,1,1
FEMALE,upreg,Trim46.mRNA1,NA,1,1
FEMALE,upreg,Serinc3.mRNA1,NA,1,1
FEMALE,upreg,Slc1a3.mRNA1,NA,1,1
FEMALE,upreg,Abcc8.mRNA1,NA,1,1
FEMALE,upreg,Sirpa.mRNA1,NA,1,1
FEMALE,upreg,Trim35.mRNA,NA,1,1
FEMALE,upreg,Cntnap1.mRNA1,NA,1,1
FEMALE,upreg,Nos1.mRNA1,NA,1,1
FEMALE,upreg,Igf1.mRNA2,NA,1,1
FEMALE,upreg,Atxn2.mRNA,NA,1,1
FEMALE,upreg,Gpr37.mRNA,NA,1,1
FEMALE,upreg,Cltc.mRNA1,NA,1,1
FEMALE,upreg,Jak1.mRNA1,NA,1,1
FEMALE,upreg,Nptn.mRNA2,NA,1,1
FEMALE,upreg,Pmepa1.mRNA1,NA,1,1
FEMALE,upreg,Npc1.mRNA1,NA,1,1
FEMALE,upreg,Mapk14.mRNA1,NA,1,1
FEMALE,upreg,Chrnb2.mRNA1,NA,1,1
FEMALE,upreg,Ryr1.mRNA,NA,1,1
FEMALE,upreg,Slc6a1.mRNA1,NA,1,1
FEMALE,upreg,F2.mRNA1,NA,1,1
FEMALE,upreg,Adcy8.mRNA1,NA,1,1
FEMALE,upreg,Cx3cl1.mRNA1,NA,1,1
FEMALE,upreg,Ywhag.mRNA1,NA,1,1
FEMALE,upreg,Igf1r.mRNA1,NA,1,1
FEMALE,upreg,Rad23b.mRNA1,NA,1,1
FEMALE,upreg,Ank2.mRNA1,NA,1,1
FEMALE,upreg,Rela.mRNA1,NA,1,1
FEMALE,upreg,Nefh.mRNA,NA,1,1
FEMALE,upreg,Fa2h.mRNA1,NA,1,1
FEMALE,upreg,Rasgrf1.mRNA1,NA,1,1
FEMALE,upreg,Cntn1.mRNA1,NA,1,1
FEMALE,upreg,App.mRNA1,NA,1,1
FEMALE,upreg,Ank.mRNA1,NA,1,1
FEMALE,upreg,Camk2a.mRNA1,NA,1,1
FEMALE,upreg,Tbr1.mRNA1,NA,1,1
FEMALE,upreg,Rhob.mRNA1,NA,1,1
FEMALE,upreg,Pdgfra.mRNA1,NA,1,1
FEMALE,upreg,Entpd2.mRNA,NA,1,1
FEMALE,upreg,Cd163.mRNA1,NA,1,1
FEMALE,upreg,Dnm1.mRNA,NA,1,1
FEMALE,upreg,Aldh1l1.mRNA,NA,1,1
FEMALE,upreg,Stxbp1.mRNA1,NA,1,1
FEMALE,upreg,Kcnj10.mRNA1,NA,1,1
FEMALE,upreg,Anapc1.mRNA1,NA,1,1
FEMALE,upreg,Nrcam.mRNA2,NA,1,1
FEMALE,upreg,Ncam1.mRNA1,NA,1,1
FEMALE,upreg,Foxp3.mRNA1,NA,1,1
FEMALE,upreg,Shc3.mRNA1,NA,1,1
FEMALE,upreg,Pdha1.mRNA2,NA,1,1
FEMALE,upreg,Clu.mRNA,NA,1,1
FEMALE,upreg,Htt.mRNA1,NA,1,1
FEMALE,upreg,Thy1.mRNA1,NA,1,1
FEMALE,upreg,Grm1.mRNA1,NA,1,1
FEMALE,upreg,Htr5a.mRNA1,NA,1,1
FEMALE,upreg,Ptger4.mRNA1,NA,1,1
FEMALE,upreg,Cdk5r1.mRNA1,NA,1,1
FEMALE,upreg,Erbb3.mRNA1,NA,1,1
FEMALE,upreg,Tcerg1.mRNA1,NA,1,1
FEMALE,upreg,Adcy9.mRNA1,NA,1,1
FEMALE,upreg,Adcyap1r1.mRNA1,NA,1,1
FEMALE,upreg,Egfr.mRNA1,NA,1,1
FEMALE,upreg,Bcl2l1.mRNA1,NA,1,1
FEMALE,upreg,Lif.mRNA,NA,1,1
FEMALE,upreg,Gabrr3.mRNA1,NA,1,1
FEMALE,upreg,Slc1a1.mRNA1,NA,1,1
FEMALE,upreg,Itgal.mRNA1,NA,1,1
FEMALE,upreg,Rasgrp1.mRNA1,NA,1,NA
FEMALE,upreg,Grin2d.mRNA,NA,1,1
FEMALE,upreg,Ret.mRNA1,NA,1,1
FEMALE,upreg,Itga5.mRNA1,NA,1,1
FEMALE,upreg,Itpr1.mRNA1,NA,1,1
FEMALE,upreg,Lamb2.mRNA1,NA,1,1
FEMALE,upreg,Nap1l2.mRNA,NA,1,1
FEMALE,upreg,Ggt1.mRNA,NA,1,1
FEMALE,upreg,Snap25.mRNA2,NA,1,1
FEMALE,upreg,Pla2g6.mRNA,NA,1,1
FEMALE,upreg,Stat2.mRNA,NA,1,1
FEMALE,upreg,Stab1.mRNA,NA,1,1
FEMALE,upreg,Crtc2.mRNA1,NA,1,1
FEMALE,upreg,Hcn1.mRNA2,NA,1,NA
FEMALE,upreg,Gnai1.mRNA2,NA,1,NA
FEMALE,upreg,Ctnnb1.mRNA1,NA,1,1
FEMALE,upreg,Cacnb2.mRNA1,NA,1,1
FEMALE,upreg,Pnoc.mRNA,NA,1,1
FEMALE,upreg,Gas7.mRNA,NA,1,1
FEMALE,upreg,Slc7a8.mRNA1,NA,1,1
FEMALE,upreg,Entpd4.mRNA1,NA,1,1
FEMALE,upreg,Tnf.mRNA,NA,1,1
FEMALE,upreg,Ms4a1.mRNA,NA,1,1
FEMALE,upreg,Sox10.mRNA,NA,1,1
FEMALE,upreg,Cyp2u1.mRNA1,NA,1,1
FEMALE,upreg,Sh3tc2.mRNA1,NA,1,1
FEMALE,upreg,Map2k1.mRNA1,NA,1,NA
FEMALE,upreg,Slc12a2.mRNA1,NA,1,1
FEMALE,upreg,Gba.mRNA1,NA,1,1
FEMALE,upreg,Magee1.mRNA1,NA,1,1
FEMALE,upreg,Dlx2.mRNA1,NA,1,1
FEMALE,upreg,Kcnv1.mRNA2,NA,1,NA
FEMALE,upreg,Kel.mRNA1,NA,1,1
FEMALE,upreg,Atp6v1b2.mRNA,NA,1,NA
FEMALE,upreg,Ryr3.mRNA1,NA,1,1
FEMALE,upreg,Slc46a1.mRNA,NA,1,1
FEMALE,upreg,Slc17a7.mRNA,NA,1,1
FEMALE,upreg,Th.mRNA1,NA,1,1
FEMALE,upreg,C1ra.mRNA1,NA,1,1
FEMALE,upreg,Camk2d.mRNA2,NA,1,1
FEMALE,upreg,Grin1.mRNA1,NA,1,1
FEMALE,upreg,Sptan1.mRNA1,NA,1,1
FEMALE,upreg,Dnajc11.mRNA,NA,1,1
FEMALE,upreg,Man2b1.mRNA,NA,1,1
FEMALE,upreg,Gzma.mRNA1,NA,1,1
FEMALE,upreg,Myrf.mRNA,NA,1,1
FEMALE,upreg,Syt1.mRNA2,NA,1,1
FEMALE,upreg,Tpsb2.mRNA1,NA,1,NA
FEMALE,upreg,Nckap1.mRNA1,NA,1,1
FEMALE,upreg,Tfec.mRNA,NA,1,1
FEMALE,upreg,Atp6v1a.mRNA1,NA,1,1
FEMALE,upreg,C4a.b.mRNA1,NA,1,1
FEMALE,upreg,Ppargc1a.mRNA,NA,1,1
FEMALE,upreg,Olig2.mRNA1,NA,1,NA
FEMALE,upreg,Aplp2.mRNA1,NA,1,NA
FEMALE,upreg,Grn.mRNA1,NA,1,1
FEMALE,upreg,Unc79.mRNA1,NA,1,1
FEMALE,upreg,Prl.mRNA1,NA,1,1
FEMALE,upreg,Gabrr1.mRNA1,NA,1,1
FEMALE,upreg,Prkce.mRNA1,NA,1,1
FEMALE,upreg,Esam.mRNA1,NA,1,1
FEMALE,upreg,Ddah1.mRNA1,NA,1,1
FEMALE,upreg,Lpo.mRNA,NA,1,1
FEMALE,upreg,Stx1b.mRNA,NA,1,NA
FEMALE,upreg,Igfbp5.mRNA1,NA,1,1
FEMALE,upreg,Gas6.mRNA1,NA,1,NA
FEMALE,upreg,Mertk.mRNA1,NA,1,1
FEMALE,upreg,Napsa.mRNA1,NA,1,1
FEMALE,upreg,Adora1.mRNA,NA,1,1
FEMALE,upreg,Grin2a.mRNA2,NA,1,1
FEMALE,upreg,Tie1.mRNA,NA,1,1
FEMALE,upreg,Slc25a12.mRNA,NA,1,1
FEMALE,upreg,Ldhc.mRNA1,NA,1,1
FEMALE,upreg,Rtn1.mRNA1,NA,1,NA
FEMALE,upreg,Cacna1f.mRNA,NA,1,1
FEMALE,upreg,Ceacam3.mRNA1,NA,1,1
FEMALE,upreg,Elmo1.mRNA1,NA,1,NA
FEMALE,upreg,Atp1b1.mRNA2,NA,1,NA
FEMALE,upreg,Il34.mRNA,NA,1,NA
FEMALE,upreg,Pias1.mRNA1,NA,1,1
FEMALE,upreg,Fpr1.mRNA,NA,1,1
FEMALE,upreg,Arrb2.mRNA1,NA,1,1
FEMALE,upreg,Eno2.mRNA,NA,1,1
FEMALE,upreg,Msr1.mRNA1,NA,1,1
FEMALE,upreg,Ptprz1.mRNA1,NA,1,1
FEMALE,upreg,Cplx1.mRNA,NA,1,1
FEMALE,upreg,B3gnt5.mRNA,NA,1,NA
FEMALE,upreg,Dnajc5.mRNA1,NA,1,NA
FEMALE,upreg,Camk2g.mRNA1,NA,1,1
FEMALE,upreg,Syt7.mRNA1,NA,1,1
FEMALE,upreg,Npas2.mRNA1,NA,1,NA
FEMALE,upreg,Trpm2.mRNA,NA,1,1
FEMALE,upreg,Tgm1.mRNA1,NA,1,1
FEMALE,upreg,Dlx1.mRNA,NA,1,1
FEMALE,upreg,Mta1.mRNA,NA,1,NA
FEMALE,upreg,Cacna1s.mRNA1,NA,1,1
FEMALE,upreg,Mkrn1.mRNA1,NA,1,NA
FEMALE,upreg,Pkd2.mRNA1,NA,1,1
FEMALE,upreg,Notch1.mRNA1,NA,1,1
FEMALE,upreg,Cpne2.mRNA1,NA,1,1
FEMALE,upreg,Mag.mRNA1,NA,1,1
FEMALE,upreg,Nefl.mRNA1,NA,1,1
FEMALE,upreg,Tcl1.mRNA1,NA,1,1
FEMALE,upreg,Adam22.mRNA2,NA,1,1
FEMALE,upreg,Olig1.mRNA1,NA,1,1
FEMALE,upreg,B4galt6.mRNA1,NA,1,1
FEMALE,upreg,Pde1b.mRNA1,NA,1,NA
FEMALE,upreg,Diaph1.mRNA1,NA,1,1
FEMALE,upreg,Flt1.mRNA1,NA,1,1
FEMALE,upreg,Sart1.mRNA1,NA,1,NA
FEMALE,upreg,Notch4.mRNA1,NA,1,1
FEMALE,upreg,Anapc7.mRNA,NA,1,1
FEMALE,upreg,Plxnb3.mRNA,NA,1,1
FEMALE,upreg,Tm4sf1.mRNA,NA,1,NA
FEMALE,upreg,Prf1.mRNA1,NA,1,1
FEMALE,upreg,Cacna1b.mRNA2,NA,1,1
FEMALE,upreg,Tjp1.mRNA,NA,1,1
FEMALE,upreg,Cux2.mRNA1,NA,1,1
FEMALE,upreg,Gss.mRNA,NA,1,NA
FEMALE,upreg,Mutyh.mRNA,NA,1,1
FEMALE,upreg,Mthfr.mRNA1,NA,1,1
FEMALE,upreg,Klrb1.mRNA1,NA,1,1
FEMALE,upreg,Gsn.mRNA1,NA,1,1
FEMALE,upreg,Myh10.mRNA,NA,1,1
FEMALE,upreg,Cpt1b.mRNA1,NA,1,1
FEMALE,upreg,Prkcd.mRNA1,NA,1,1
FEMALE,upreg,Itgax.mRNA2,NA,1,1
FEMALE,upreg,Cxcl15.mRNA1,NA,1,1
FEMALE,upreg,Marco.mRNA1,NA,1,1
FEMALE,upreg,Nes.mRNA1,NA,1,1
FEMALE,upreg,Tbx21.mRNA1,NA,1,1
FEMALE,upreg,Slc10a6.mRNA1,NA,1,1
FEMALE,upreg,Ppm1l.mRNA1,NA,1,NA
FEMALE,upreg,Thrb.mRNA,NA,1,1
FEMALE,upreg,Cpa3.mRNA,NA,1,1
FEMALE,upreg,Gdpd2.mRNA,NA,1,1
FEMALE,upreg,Hdac6.mRNA1,NA,1,1
FEMALE,upreg,Slpi.mRNA,NA,1,1
FEMALE,upreg,Dnm2.mRNA1,NA,1,1
FEMALE,upreg,L1cam.mRNA1,NA,1,1
FEMALE,upreg,Rapgef2.mRNA1,NA,1,1
FEMALE,upreg,C1s1.mRNA1,NA,1,1
FEMALE,upreg,Pla2g4f.mRNA1,NA,1,1
FEMALE,upreg,Plekho2.mRNA,NA,1,NA
FEMALE,upreg,Ager.mRNA,NA,1,1
FEMALE,upreg,Dock3.mRNA2,NA,1,1
FEMALE,upreg,Slc18a2.mRNA1,NA,1,1
FEMALE,upreg,Cfi.mRNA1,NA,1,1
FEMALE,upreg,Myc.mRNA1,NA,1,1
FEMALE,upreg,Cd8b1.mRNA1,NA,1,NA
FEMALE,upreg,Grin3b.mRNA1,NA,1,1
FEMALE,upreg,Basp1.mRNA1,NA,1,NA
FEMALE,upreg,Atp13a2.mRNA1,NA,1,1
FEMALE,upreg,Mbtps1.mRNA1,NA,1,NA
FEMALE,upreg,Bdnf.mRNA1,NA,1,NA
FEMALE,upreg,Tln2.mRNA1,NA,1,1
FEMALE,upreg,Chrm5.mRNA1,NA,1,1
FEMALE,upreg,Adcy5.mRNA1,NA,1,1
FEMALE,upreg,Sorcs3.mRNA1,NA,1,NA
FEMALE,upreg,Psen1.mRNA1,NA,1,1
FEMALE,upreg,Hmox1.mRNA1,NA,1,1
FEMALE,upreg,Amigo2.mRNA1,NA,1,1
FEMALE,upreg,Trem1.mRNA1,NA,1,NA
FEMALE,upreg,Vcp.mRNA1,NA,1,NA
FEMALE,upreg,Slc1a2.mRNA,NA,1,1
FEMALE,upreg,Syn2.mRNA1,NA,1,NA
FEMALE,upreg,Epha2.mRNA1,NA,1,1
FEMALE,upreg,Atrn.mRNA1,NA,1,NA
FEMALE,upreg,Tmem119.mRNA1,NA,1,1
FEMALE,upreg,Gdnf.mRNA1,NA,1,1
FEMALE,upreg,Nkg7.mRNA1,NA,1,1
FEMALE,upreg,Rfx4.mRNA,NA,1,1
FEMALE,upreg,Eng.mRNA,NA,1,1
FEMALE,upreg,Usp2.mRNA1,NA,1,1
FEMALE,upreg,Actn1.mRNA2,NA,1,NA
FEMALE,upreg,Cacna1c.mRNA1,NA,1,1
FEMALE,upreg,Sf3b4.mRNA1,NA,1,1
FEMALE,upreg,Gzmb.mRNA,NA,1,1
FEMALE,upreg,Fgf2.mRNA,NA,1,1
FEMALE,upreg,C3.mRNA1,NA,1,NA
FEMALE,upreg,Nos2.mRNA1,NA,1,1
FEMALE,upreg,Ccna1.mRNA,NA,1,1
FEMALE,upreg,Adgrg1.mRNA1,NA,1,1
FEMALE,upreg,Atp8a2.mRNA1,NA,1,NA
FEMALE,upreg,Eif2ak1.mRNA1,NA,1,1
FEMALE,upreg,Dgke.mRNA1,NA,1,1
FEMALE,upreg,Nsf.mRNA1,NA,1,NA
FEMALE,upreg,Fyn.mRNA,NA,1,1
FEMALE,upreg,Atp9a.mRNA1,NA,1,1
FEMALE,upreg,Rnf10.mRNA1,NA,1,1
FEMALE,upreg,Rab3a.mRNA1,NA,1,NA
FEMALE,upreg,Mx1.mRNA,NA,1,1
FEMALE,upreg,Tenm4.mRNA1,NA,1,1
FEMALE,upreg,Sybu.mRNA1,NA,1,NA
FEMALE,upreg,Drd4.mRNA1,NA,1,1
FEMALE,upreg,Lta4h.mRNA,NA,1,NA
FEMALE,upreg,Dll4.mRNA1,NA,1,1
FEMALE,upreg,Abcc3.mRNA,NA,1,NA
FEMALE,upreg,Drd2.mRNA1,NA,1,1
FEMALE,upreg,Srpr.mRNA1,NA,1,NA
FEMALE,upreg,Fbxl3.mRNA1,NA,1,NA
FEMALE,upreg,Adgrl4.mRNA2,NA,1,1
FEMALE,upreg,Csf1.mRNA1,NA,1,1
FEMALE,upreg,Ins2.mRNA1,NA,1,1
FEMALE,upreg,Gabrd.mRNA,NA,1,NA
FEMALE,upreg,Eomes.mRNA1,NA,1,1
FEMALE,upreg,Wasf1.mRNA1,NA,1,NA
FEMALE,upreg,Chat.mRNA1,NA,1,NA
FEMALE,upreg,Itpr2.mRNA1,NA,1,1
FEMALE,upreg,Dbh.mRNA1,NA,1,1
FEMALE,upreg,Cd40.mRNA1,NA,1,1
FEMALE,upreg,Itpr3.mRNA1,NA,1,1
FEMALE,upreg,Pla2g2a.mRNA1,NA,1,1
FEMALE,upreg,Abl1.mRNA1,NA,1,1
FEMALE,upreg,Hspa1a.b.mRNA1,NA,1,1
FEMALE,upreg,Mafb.mRNA1,NA,1,1
FEMALE,upreg,Nwd1.mRNA1,NA,1,1
FEMALE,upreg,Adcy1.mRNA1,NA,1,1
FEMALE,upreg,Mmp9.mRNA1,NA,1,1
FEMALE,upreg,Gria2.mRNA2,NA,1,NA
FEMALE,upreg,Scamp2.mRNA1,NA,1,1
FEMALE,upreg,Gga1.mRNA1,NA,1,1
FEMALE,upreg,Gtf2ird1.mRNA,NA,1,1
FEMALE,upreg,Lrrc25.mRNA,NA,1,NA
FEMALE,upreg,Got1.mRNA1,NA,1,NA
FEMALE,upreg,Adora3.mRNA,NA,1,1
FEMALE,upreg,Tanc2.mRNA1,NA,1,NA
FEMALE,upreg,Syngr1.mRNA,NA,1,NA
FEMALE,upreg,Egf.mRNA1,NA,1,NA
FEMALE,upreg,Fcrlb.mRNA1,NA,1,1
FEMALE,upreg,Ncr1.mRNA1,NA,1,1
FEMALE,upreg,Sall1.mRNA1,NA,1,1
FEMALE,upreg,Hgf.mRNA,NA,1,NA
FEMALE,upreg,Cd8a.mRNA1,NA,1,1
FEMALE,upreg,Tpi1.mRNA1,NA,1,NA
FEMALE,upreg,Gngt1.mRNA,NA,1,1
FEMALE,upreg,Sox9.mRNA1,NA,1,1
FEMALE,upreg,Lrrk2.mRNA,NA,1,NA
FEMALE,upreg,Kctd12.mRNA,NA,1,NA
FEMALE,upreg,Ugt8a.mRNA1,NA,1,NA
FEMALE,upreg,Ddx23.mRNA1,NA,1,1
FEMALE,upreg,Plaa.mRNA1,NA,1,1
FEMALE,upreg,Dnah1.mRNA1,NA,1,1
FEMALE,upreg,Pccb.mRNA,NA,1,NA
FEMALE,upreg,Tiam1.mRNA,NA,1,1
FEMALE,upreg,Vdac1.mRNA1,NA,1,NA
FEMALE,upreg,Pnkd.mRNA1,NA,1,1
FEMALE,upreg,Csf1r.mRNA,NA,1,1
FEMALE,upreg,Fgf14.mRNA1,NA,1,NA
FEMALE,upreg,Ptgs2.mRNA1,NA,1,1
FEMALE,upreg,Fcgrt.mRNA,NA,1,NA
FEMALE,upreg,Klhl12.mRNA1,NA,1,NA
FEMALE,upreg,Pla2g4b.mRNA,NA,1,NA
FEMALE,upreg,Tmem88b.mRNA1,NA,1,1
FEMALE,upreg,Hdc.mRNA1,NA,1,1
FEMALE,upreg,Gnb5.mRNA1,NA,1,NA
FEMALE,upreg,Kir3dl1.2.mRNA,NA,1,NA
FEMALE,upreg,Inhbb.mRNA1,NA,1,1
FEMALE,upreg,Bub3.mRNA1,NA,1,NA
FEMALE,upreg,Gpnmb.mRNA2,NA,1,NA
FEMALE,upreg,Ptpn1.mRNA1,NA,1,1
FEMALE,upreg,Gata2.mRNA1,NA,1,1
FEMALE,upreg,Ap3m2.mRNA1,NA,1,NA
FEMALE,upreg,Agmo.mRNA1,NA,1,1
FEMALE,upreg,Blk.mRNA1,NA,1,1
FEMALE,upreg,Phyh.mRNA1,NA,1,NA
FEMALE,upreg,Eif2b5.mRNA,NA,1,NA
FEMALE,upreg,Reck.mRNA,NA,1,1
FEMALE,upreg,Grin3a.mRNA1,NA,1,NA
FEMALE,upreg,Ctsw.mRNA1,NA,1,NA
FEMALE,upreg,Lrrc7.mRNA1,NA,1,1
FEMALE,upreg,Pcsk2.mRNA1,NA,1,1
FEMALE,upreg,Tnfrsf1a.mRNA1,NA,1,1
FEMALE,upreg,Epha4.mRNA,NA,1,1
FEMALE,upreg,Syt4.mRNA,NA,1,NA
FEMALE,upreg,Grm2.mRNA1,NA,1,NA
FEMALE,upreg,Becn1.mRNA,NA,1,NA
FEMALE,upreg,Arg2.mRNA2,NA,1,NA
FEMALE,upreg,Plxnc1.mRNA1,NA,1,1
FEMALE,upreg,Ccl5.mRNA,NA,1,NA
FEMALE,upreg,Nfe2l2.mRNA1,NA,1,1
FEMALE,upreg,Cacna2d3.mRNA1,NA,1,NA
FEMALE,upreg,Trac.mRNA1,NA,1,1
FEMALE,upreg,Trim3.mRNA,NA,1,NA
FEMALE,upreg,Cdc7.mRNA1,NA,1,NA
FEMALE,upreg,Src.mRNA,NA,1,1
FEMALE,upreg,Epb41l3.mRNA1,NA,1,NA
FEMALE,upreg,Tbk1.mRNA1,NA,1,1
FEMALE,upreg,Cxcl10.mRNA1,NA,1,1
FEMALE,upreg,Cd19.mRNA,NA,1,1
FEMALE,upreg,Mmrn2.mRNA1,NA,1,NA
FEMALE,upreg,Serping1.mRNA,NA,1,NA
FEMALE,upreg,Nf1.mRNA,NA,1,1
FEMALE,upreg,Grk3.mRNA,NA,1,1
FEMALE,upreg,Cntnap2.mRNA1,NA,1,NA
FEMALE,upreg,Atp6v0c.mRNA1,NA,1,NA
FEMALE,upreg,Avp.mRNA1,NA,1,NA
FEMALE,upreg,Trat1.mRNA,NA,1,1
FEMALE,upreg,Pmp22.mRNA,NA,1,1
FEMALE,upreg,Mmp2.mRNA,NA,1,1
FEMALE,upreg,Fig4.mRNA1,NA,1,NA
FEMALE,upreg,Trim28.mRNA1,NA,NA,1
FEMALE,upreg,Ache.mRNA1,NA,NA,1
FEMALE,upreg,Crebbp.mRNA1,NA,NA,1
FEMALE,upreg,Plcb3.mRNA1,NA,NA,1
FEMALE,upreg,Sf3a2.mRNA,NA,NA,1
FEMALE,upreg,Ap2a2.mRNA,NA,NA,1
FEMALE,upreg,Cxcr4.mRNA1,NA,NA,1
FEMALE,upreg,Ddc.mRNA1,NA,NA,1
FEMALE,upreg,Abi2.mRNA,NA,NA,1
FEMALE,upreg,Atp7a.mRNA1,NA,NA,1
FEMALE,upreg,Fos.mRNA1,NA,NA,1
FEMALE,upreg,C4a.mRNA1,NA,NA,1
FEMALE,upreg,Hc.mRNA,NA,NA,1
FEMALE,upreg,Msn.mRNA1,NA,NA,1
FEMALE,upreg,Ehmt1.mRNA,NA,NA,1
FEMALE,upreg,Rras.mRNA,NA,NA,1
FEMALE,upreg,Flt4.mRNA,NA,NA,1
FEMALE,upreg,Sla.mRNA1,NA,NA,1
FEMALE,upreg,Adrb2.mRNA1,NA,NA,1
FEMALE,upreg,Plcb2.mRNA,NA,NA,1
FEMALE,upreg,Gprasp1.mRNA1,NA,NA,1
FEMALE,upreg,Cacna1d.mRNA1,NA,NA,1
FEMALE,upreg,Cln3.mRNA,NA,NA,1
FEMALE,upreg,Cdk2.mRNA,NA,NA,1
FEMALE,upreg,Cers1.mRNA1,NA,NA,1
FEMALE,upreg,Jak2.mRNA1,NA,NA,1
FEMALE,upreg,Cxxc1.mRNA1,NA,NA,1
FEMALE,upreg,Epo.mRNA1,NA,NA,1
FEMALE,upreg,Notch3.mRNA1,NA,NA,1
FEMALE,upreg,Sptbn2.mRNA1,NA,NA,1
FEMALE,upreg,Casp9.mRNA,NA,NA,1
FEMALE,upreg,Itgam.mRNA,NA,NA,1
FEMALE,upreg,Nlrp3.mRNA,NA,NA,1
FEMALE,upreg,Nfkbib.mRNA,NA,NA,1
FEMALE,upreg,Des.mRNA1,NA,NA,1
FEMALE,upreg,Il10ra.mRNA1,NA,NA,1
FEMALE,upreg,Polr2b.mRNA1,NA,NA,1
FEMALE,upreg,Abat.mRNA1,NA,NA,1
FEMALE,upreg,Atm.mRNA,NA,NA,1
FEMALE,upreg,Npas4.mRNA1,NA,NA,1
FEMALE,upreg,Grin2c.mRNA1,NA,NA,1
FEMALE,upreg,Glul.mRNA,NA,NA,1
FEMALE,upreg,Sall3.mRNA1,NA,NA,1
FEMALE,upreg,Pla2g4e.mRNA1,NA,NA,1
FEMALE,upreg,Stat1.mRNA,NA,NA,1
FEMALE,upreg,C6.mRNA1,NA,NA,1
FEMALE,upreg,Nelfa.mRNA1,NA,NA,1
FEMALE,upreg,Pik3ca.mRNA1,NA,NA,1
FEMALE,upreg,Pdgfrb.mRNA1,NA,NA,1
FEMALE,upreg,H2.Ea.ps.mRNA1,NA,NA,1
FEMALE,upreg,Cast.mRNA1,NA,NA,1
FEMALE,upreg,Gnai3.mRNA1,NA,NA,1
FEMALE,upreg,Abcb1a.mRNA1,NA,NA,1
FEMALE,upreg,Taf6l.mRNA,NA,NA,1
FEMALE,upreg,Prkcz.mRNA2,NA,NA,1
FEMALE,upreg,Clcf1.mRNA,NA,NA,1
FEMALE,upreg,Synj1.mRNA1,NA,NA,1
FEMALE,upreg,Grm8.mRNA1,NA,NA,1
FEMALE,upreg,Tnfrsf11b.mRNA1,NA,NA,1
FEMALE,upreg,Ltc4s.mRNA1,NA,NA,1
FEMALE,upreg,Ngfr.mRNA,NA,NA,1
FEMALE,upreg,Gnptab.mRNA1,NA,NA,1
FEMALE,upreg,Frmpd4.mRNA,NA,NA,1
FEMALE,upreg,Adrb1.mRNA,NA,NA,1
FEMALE,upreg,Tnfrsf1b.mRNA,NA,NA,1
FEMALE,upreg,H2.D1.mRNA1,NA,NA,1
FEMALE,upreg,Adora2b.mRNA,NA,NA,1
FEMALE,upreg,Chrm2.mRNA1,NA,NA,1
FEMALE,upreg,Tgfb1.mRNA,NA,NA,1
FEMALE,upreg,Jun.mRNA,NA,NA,1
FEMALE,upreg,Prkci.mRNA,NA,NA,1
FEMALE,upreg,Tbp.mRNA1,NA,NA,1
FEMALE,upreg,Polr2l.mRNA,NA,NA,1
FEMALE,upreg,Mmp19.mRNA1,NA,NA,1
FEMALE,upreg,P2ry6.mRNA,NA,NA,1
FEMALE,upreg,Smpd4.mRNA1,NA,NA,1
FEMALE,upreg,Tgfbr2.mRNA2,NA,NA,1
FEMALE,upreg,Slc2a5.mRNA1,NA,NA,1
FEMALE,upreg,Cldn15.mRNA1,NA,NA,1
FEMALE,downreg,Ccl3.mRNA1,1,NA,1
FEMALE,downreg,Olfr110.mRNA1,1,NA,1
FEMALE,downreg,Cst7.mRNA1,1,NA,NA
FEMALE,downreg,Gusb.mRNA1,1,NA,NA
FEMALE,downreg,Lilrb4a.mRNA1,1,NA,NA
FEMALE,downreg,Ptprc.mRNA1,1,1,1
FEMALE,downreg,Gpnmb.mRNA3,1,NA,NA
FEMALE,downreg,Lpl.mRNA1,1,NA,1
FEMALE,downreg,Ctsd.mRNA1,1,NA,NA
FEMALE,downreg,Cd14.mRNA1,1,NA,NA
FEMALE,downreg,Cybb.mRNA1,1,NA,NA
FEMALE,downreg,Spi1.mRNA1,1,NA,1
FEMALE,downreg,Spp1.mRNA2,1,NA,NA
FEMALE,downreg,Cd68.mRNA1,1,NA,NA
FEMALE,downreg,Tgfbr2.mRNA3,1,NA,NA
FEMALE,downreg,Csf1.mRNA2,1,NA,NA
FEMALE,downreg,Clec7a.mRNA1,1,1,1
FEMALE,downreg,Itgax.mRNA3,1,NA,NA
FEMALE,downreg,H2.T23.mRNA1,1,1,1
FEMALE,downreg,C3ar1.mRNA1,1,NA,NA
FEMALE,downreg,Ctsl.mRNA2,1,NA,NA
FEMALE,downreg,Cd74.mRNA1,1,NA,NA
FEMALE,downreg,H2.D1.mRNA2,1,NA,NA
FEMALE,downreg,Cd34.mRNA1,1,NA,NA
FEMALE,downreg,Cd84.mRNA1,1,NA,NA
FEMALE,downreg,Serpina3n.mRNA1,1,NA,NA
FEMALE,downreg,Gfap.mRNA1,1,NA,NA
FEMALE,downreg,Tlr2.mRNA1,1,NA,NA
FEMALE,downreg,Hexb.mRNA1,1,NA,NA
FEMALE,downreg,Cldn5.mRNA1,1,NA,1
FEMALE,downreg,Fcgr1.mRNA,1,1,1
FEMALE,downreg,Lgals3.mRNA1,1,NA,NA
FEMALE,downreg,Naglu.mRNA1,1,1,1
FEMALE,downreg,Tyrobp.mRNA1,1,1,1
FEMALE,downreg,Chrm3.mRNA,1,NA,NA
FEMALE,downreg,Plxdc2.mRNA1,1,NA,NA
FEMALE,downreg,Fcrls.mRNA1,1,1,1
FEMALE,downreg,Lgmn.mRNA2,1,NA,NA
FEMALE,downreg,Sorcs3.mRNA2,1,NA,NA
FEMALE,downreg,Il4.mRNA1,1,NA,NA
FEMALE,downreg,Aqp4.mRNA1,1,NA,NA
FEMALE,downreg,F11r.mRNA,1,NA,NA
FEMALE,downreg,Gjd2.mRNA,1,NA,NA
FEMALE,downreg,Axl.mRNA1,1,NA,NA
FEMALE,downreg,Adamts1.mRNA1,1,NA,NA
FEMALE,downreg,Prkab1.mRNA1,1,NA,1
FEMALE,downreg,Olfm3.mRNA1,1,NA,1
FEMALE,downreg,C4a.b.mRNA2,1,NA,NA
FEMALE,downreg,Lyz2.mRNA1,1,NA,NA
FEMALE,downreg,C1qa.mRNA1,1,1,NA
FEMALE,downreg,Trem2.mRNA1,1,NA,NA
FEMALE,downreg,Man2b1.mRNA1,1,NA,NA
FEMALE,downreg,Psmb8.mRNA1,1,1,1
FEMALE,downreg,Cd3e.mRNA1,1,NA,NA
FEMALE,downreg,Plxnb3.mRNA1,1,NA,NA
FEMALE,downreg,Irf8.mRNA,1,NA,NA
FEMALE,downreg,Mafb.mRNA2,1,NA,NA
FEMALE,downreg,Slco2b1.mRNA,1,NA,NA
FEMALE,downreg,Gabra5.mRNA1,1,NA,NA
FEMALE,downreg,Cd244a.mRNA,1,NA,NA
FEMALE,downreg,B2m.mRNA1,1,NA,NA
FEMALE,downreg,Ctss.mRNA1,1,NA,NA
FEMALE,downreg,Cx3cr1.mRNA1,1,NA,NA
FEMALE,downreg,Cycs.mRNA1,1,1,1
FEMALE,downreg,Tgfb1.mRNA1,1,NA,NA
FEMALE,downreg,Stat1.mRNA1,1,NA,NA
FEMALE,downreg,Slc6a4.mRNA1,1,NA,NA
FEMALE,downreg,Kctd12.mRNA1,1,NA,NA
FEMALE,downreg,Slc11a1.mRNA1,1,NA,NA
FEMALE,downreg,Csf3r.mRNA1,1,NA,NA
FEMALE,downreg,Hif1a.mRNA1,1,NA,NA
FEMALE,downreg,Opcml.mRNA1,1,NA,NA
FEMALE,downreg,Tap1.mRNA1,1,NA,NA
FEMALE,downreg,Cacna2d3.mRNA2,1,NA,NA
FEMALE,downreg,Casp7.mRNA1,1,1,1
FEMALE,downreg,C1qc.mRNA1,1,1,NA
FEMALE,downreg,Hcn1.mRNA3,1,NA,NA
FEMALE,downreg,Hpgds.mRNA1,1,1,1
FEMALE,downreg,Gria3.mRNA2,1,NA,NA
FEMALE,downreg,Fcgr4.mRNA,1,1,1
FEMALE,downreg,Prkcq.mRNA,1,NA,NA
FEMALE,downreg,Tnr.mRNA3,1,NA,NA
FEMALE,downreg,Prkab2.mRNA2,1,NA,NA
FEMALE,downreg,Adam22.mRNA3,1,NA,NA
FEMALE,downreg,Pik3cb.mRNA1,1,1,NA
FEMALE,downreg,Trim26.mRNA1,1,NA,NA
FEMALE,downreg,Ugt8a.mRNA2,1,NA,NA
FEMALE,downreg,Ncam2.mRNA1,NA,1,1
FEMALE,downreg,Skp1a.mRNA1,NA,1,1
FEMALE,downreg,Lypla1.mRNA1,NA,1,1
FEMALE,downreg,Pvalb.mRNA1,NA,1,1
FEMALE,downreg,Atp6v1h.mRNA1,NA,1,1
FEMALE,downreg,Hras.mRNA1,NA,1,1
FEMALE,downreg,Cul1.mRNA1,NA,1,1
FEMALE,downreg,Calm1.mRNA1,NA,1,1
FEMALE,downreg,Selenos.mRNA1,NA,1,1
FEMALE,downreg,Bcas1.mRNA1,NA,1,1
FEMALE,downreg,Tfam.mRNA1,NA,1,1
FEMALE,downreg,Arpc1a.mRNA1,NA,1,1
FEMALE,downreg,Orc5.mRNA1,NA,1,1
FEMALE,downreg,Kif3a.mRNA1,NA,1,1
FEMALE,downreg,Bcas2.mRNA1,NA,1,1
FEMALE,downreg,Pten.mRNA1,NA,1,1
FEMALE,downreg,Zfp365.mRNA1,NA,1,1
FEMALE,downreg,Ccnh.mRNA1,NA,1,1
FEMALE,downreg,Cdc27.mRNA1,NA,1,1
FEMALE,downreg,Lrrc4.mRNA1,NA,1,1
FEMALE,downreg,Scn1a.mRNA1,NA,1,1
FEMALE,downreg,Dnajb9.mRNA1,NA,1,1
FEMALE,downreg,Psmc6.mRNA1,NA,1,1
FEMALE,downreg,Fth1.mRNA1,NA,1,1
FEMALE,downreg,Tomm20.mRNA1,NA,1,1
FEMALE,downreg,Bnip3.mRNA1,NA,1,1
FEMALE,downreg,Txnl1.mRNA1,NA,1,1
FEMALE,downreg,Akt3.mRNA1,NA,1,1
FEMALE,downreg,Prkcb.mRNA1,NA,1,1
FEMALE,downreg,Tmsb4x.mRNA1,NA,1,1
FEMALE,downreg,Erlec1.mRNA1,NA,1,1
FEMALE,downreg,Ube2k.mRNA1,NA,1,1
FEMALE,downreg,Eloc.mRNA1,NA,1,1
FEMALE,downreg,Sod2.mRNA1,NA,1,1
FEMALE,downreg,Tomm70a.mRNA1,NA,1,1
FEMALE,downreg,Ube2n.mRNA1,NA,1,1
FEMALE,downreg,Sugt1.mRNA1,NA,1,1
FEMALE,downreg,Kras.mRNA1,NA,1,1
FEMALE,downreg,Orc4.mRNA1,NA,1,1
FEMALE,downreg,Prkca.mRNA1,NA,1,1
FEMALE,downreg,Inpp5f.mRNA1,NA,1,1
FEMALE,downreg,Dnm1l.mRNA1,NA,1,1
FEMALE,downreg,Pik3r1.mRNA1,NA,1,NA
FEMALE,downreg,Acsl3.mRNA1,NA,1,1
FEMALE,downreg,Ranbp9.mRNA1,NA,1,1
FEMALE,downreg,Sumo1.mRNA1,NA,1,1
FEMALE,downreg,Rab1a.mRNA1,NA,1,1
FEMALE,downreg,Slc25a4.mRNA1,NA,1,1
FEMALE,downreg,Mef2a.mRNA1,NA,1,1
FEMALE,downreg,Ppp3ca.mRNA1,NA,1,1
FEMALE,downreg,Efnb3.mRNA3,NA,1,1
FEMALE,downreg,Psma5.mRNA1,NA,1,1
FEMALE,downreg,Orc3.mRNA1,NA,1,1
FEMALE,downreg,Atp6v1e1.mRNA1,NA,1,1
FEMALE,downreg,Eif2s1.mRNA1,NA,1,1
FEMALE,downreg,Plekhb1.mRNA1,NA,1,1
FEMALE,downreg,Aif1.mRNA1,NA,1,1
FEMALE,downreg,Lsm7.mRNA1,NA,1,1
FEMALE,downreg,Npc2.mRNA1,NA,1,1
FEMALE,downreg,Twistnb.mRNA1,NA,1,NA
FEMALE,downreg,Cul2.mRNA1,NA,1,1
FEMALE,downreg,Cers2.mRNA1,NA,1,1
FEMALE,downreg,Sp1.mRNA1,NA,1,1
FEMALE,downreg,Atf6.mRNA1,NA,1,1
FEMALE,downreg,Chmp2b.mRNA1,NA,1,1
FEMALE,downreg,Sp100.mRNA,NA,1,NA
FEMALE,downreg,Arpc5l.mRNA1,NA,1,1
FEMALE,downreg,Serpini1.mRNA2,NA,1,1
FEMALE,downreg,Dcx.mRNA1,NA,1,1
FEMALE,downreg,Adh5.mRNA1,NA,1,1
FEMALE,downreg,Ube3a.mRNA1,NA,1,NA
FEMALE,downreg,Gtf2h1.mRNA2,NA,1,1
FEMALE,downreg,Crot.mRNA1,NA,1,1
FEMALE,downreg,Tlr4.mRNA,NA,1,NA
FEMALE,downreg,Il18.mRNA1,NA,1,1
FEMALE,downreg,Zfp24.mRNA1,NA,1,1
FEMALE,downreg,Rasa1.mRNA1,NA,1,NA
FEMALE,downreg,Calm2.mRNA1,NA,1,1
FEMALE,downreg,Polr2k.mRNA1,NA,1,1
FEMALE,downreg,Ppp2r5e.mRNA1,NA,1,NA
FEMALE,downreg,Tardbp.mRNA,NA,1,1
FEMALE,downreg,Sod1.mRNA1,NA,1,1
FEMALE,downreg,Cdk7.mRNA,NA,1,1
FEMALE,downreg,S100a10.mRNA1,NA,1,1
FEMALE,downreg,Atp6v0e2.mRNA1,NA,1,1
FEMALE,downreg,Cdc40.mRNA1,NA,1,1
FEMALE,downreg,Rock2.mRNA1,NA,1,1
FEMALE,downreg,Mnat1.mRNA1,NA,1,1
FEMALE,downreg,Psmb9.mRNA1,NA,1,1
FEMALE,downreg,Gabrb2.mRNA1,NA,1,1
FEMALE,downreg,Ppp3cc.mRNA,NA,1,1
FEMALE,downreg,Ap3s1.mRNA1,NA,1,1
FEMALE,downreg,Sucla2.mRNA1,NA,1,1
FEMALE,downreg,Rlim.mRNA1,NA,1,1
FEMALE,downreg,Ermn.mRNA1,NA,1,1
FEMALE,downreg,Nrxn1.mRNA1,NA,1,NA
FEMALE,downreg,Mmut.mRNA1,NA,1,1
FEMALE,downreg,Xiap.mRNA1,NA,1,1
FEMALE,downreg,Rab3c.mRNA1,NA,1,1
FEMALE,downreg,Cacna2d1.mRNA1,NA,1,NA
FEMALE,downreg,Creb1.mRNA1,NA,1,NA
FEMALE,downreg,Ntng1.mRNA,NA,1,1
FEMALE,downreg,Egfl7.mRNA1,NA,1,1
FEMALE,downreg,Atg5.mRNA1,NA,1,1
FEMALE,downreg,Serpine2.mRNA1,NA,1,1
FEMALE,downreg,Park7.mRNA2,NA,1,1
FEMALE,downreg,Ap1s1.mRNA3,NA,1,1
FEMALE,downreg,Acat1.mRNA1,NA,1,1
FEMALE,downreg,Plcl2.mRNA2,NA,1,NA
FEMALE,downreg,Ddit3.mRNA2,NA,1,1
FEMALE,downreg,Rbx1.mRNA1,NA,1,1
FEMALE,downreg,Eid1.mRNA1,NA,1,NA
FEMALE,downreg,Unc13a.mRNA1,NA,1,1
FEMALE,downreg,Opa1.mRNA1,NA,1,NA
FEMALE,downreg,Gabrb3.mRNA1,NA,1,1
FEMALE,downreg,Pcna.mRNA1,NA,1,1
FEMALE,downreg,Serpinb6a.mRNA3,NA,1,1
FEMALE,downreg,Gria4.mRNA1,NA,1,1
FEMALE,downreg,Cacnb4.mRNA1,NA,1,1
FEMALE,downreg,Prnp.mRNA1,NA,1,1
FEMALE,downreg,Cab39.mRNA1,NA,1,1
FEMALE,downreg,Gpr34.mRNA1,NA,1,1
FEMALE,downreg,C1qb.mRNA1,NA,1,NA
FEMALE,downreg,Chn1.mRNA1,NA,1,1
FEMALE,downreg,Neo1.mRNA1,NA,1,1
FEMALE,downreg,Trim37.mRNA1,NA,1,NA
FEMALE,downreg,Apc.mRNA1,NA,1,NA
FEMALE,downreg,Ppp2r5c.mRNA1,NA,1,1
FEMALE,downreg,Kcna1.mRNA1,NA,1,NA
FEMALE,downreg,Prpf31.mRNA1,NA,1,1
FEMALE,downreg,Epha6.mRNA1,NA,1,NA
FEMALE,downreg,Txn1.mRNA1,NA,1,1
FEMALE,downreg,Atr.mRNA,NA,1,NA
FEMALE,downreg,Oxr1.mRNA1,NA,1,1
FEMALE,downreg,S100b.mRNA1,NA,1,1
FEMALE,downreg,Mapk8.mRNA1,NA,1,1
FEMALE,downreg,Usp30.mRNA1,NA,1,1
FEMALE,downreg,Ccl12.mRNA2,NA,1,1
FEMALE,downreg,Adora2a.mRNA1,NA,1,1
FEMALE,downreg,Ccnd1.mRNA1,NA,1,1
FEMALE,downreg,Adam10.mRNA1,NA,1,NA
FEMALE,downreg,Mal2.mRNA1,NA,1,1
FEMALE,downreg,Sgce.mRNA,NA,1,1
FEMALE,downreg,Insr.mRNA1,NA,1,NA
FEMALE,downreg,Brms1l.mRNA1,NA,1,1
FEMALE,downreg,Vegfa.mRNA1,NA,1,1
FEMALE,downreg,Atp6v1d.mRNA1,NA,1,1
FEMALE,downreg,Rhoa.mRNA1,NA,1,NA
FEMALE,downreg,Psmd14.mRNA1,NA,1,1
FEMALE,downreg,Psmd6.mRNA1,NA,1,1
FEMALE,downreg,Pla2g16.mRNA1,NA,1,1
FEMALE,downreg,Stmn1.mRNA1,NA,1,1
FEMALE,downreg,Prkag1.mRNA1,NA,1,1
FEMALE,downreg,Prkaa2.mRNA1,NA,1,NA
FEMALE,downreg,Ptprr.mRNA1,NA,1,1
FEMALE,downreg,Idh1.mRNA,NA,1,1
FEMALE,downreg,Taz.mRNA1,NA,1,1
FEMALE,downreg,Tgfbr1.mRNA1,NA,1,NA
FEMALE,downreg,Atg12.mRNA1,NA,1,1
FEMALE,downreg,Il13ra1.mRNA,NA,1,1
FEMALE,downreg,Rdx.mRNA1,NA,1,NA
FEMALE,downreg,Pls1.mRNA1,NA,1,NA
FEMALE,downreg,Rims1.mRNA1,NA,1,NA
FEMALE,downreg,Kcnb1.mRNA1,NA,1,NA
FEMALE,downreg,Vdac3.mRNA1,NA,1,1
FEMALE,downreg,Cd9.mRNA1,NA,1,1
FEMALE,downreg,Mapk10.mRNA1,NA,1,1
FEMALE,downreg,Myo5a.mRNA1,NA,1,NA
FEMALE,downreg,Ltbr.mRNA1,NA,1,1
FEMALE,downreg,Acot13.mRNA1,NA,1,1
FEMALE,downreg,Smn1.mRNA1,NA,1,1
FEMALE,downreg,Atp5b.mRNA1,NA,1,1
FEMALE,downreg,Dnaja2.mRNA1,NA,1,1
FEMALE,downreg,Pde1a.mRNA1,NA,1,1
FEMALE,downreg,Taf9.mRNA1,NA,1,1
FEMALE,downreg,Mmp16.mRNA1,NA,1,1
FEMALE,downreg,Pde4d.mRNA2,NA,1,NA
FEMALE,downreg,Atp6v1g1.mRNA1,NA,1,1
FEMALE,downreg,Grik2.mRNA1,NA,1,1
FEMALE,downreg,Arsa.mRNA1,NA,1,1
FEMALE,downreg,Taf4b.mRNA2,NA,1,NA
FEMALE,downreg,Crh.mRNA1,NA,1,NA
FEMALE,downreg,Optn.mRNA2,NA,1,NA
FEMALE,downreg,Casp3.mRNA1,NA,1,1
FEMALE,downreg,Map2k4.mRNA1,NA,1,1
FEMALE,downreg,Phf21a.mRNA1,NA,1,NA
FEMALE,downreg,Hmgb1.mRNA1,NA,1,NA
FEMALE,downreg,Shh.mRNA1,NA,1,NA
FEMALE,downreg,Rit2.mRNA2,NA,1,1
FEMALE,downreg,Gabarapl1.mRNA1,NA,1,1
FEMALE,downreg,Scp2.mRNA1,NA,1,NA
FEMALE,downreg,Lamtor3.mRNA1,NA,1,1
FEMALE,downreg,Negr1.mRNA1,NA,1,1
FEMALE,downreg,Gtf2a1.mRNA1,NA,1,NA
FEMALE,downreg,Grin2b.mRNA1,NA,1,NA
FEMALE,downreg,Cntn4.mRNA1,NA,1,1
FEMALE,downreg,Atcay.mRNA1,NA,1,NA
FEMALE,downreg,Akt1s1.mRNA2,NA,1,1
FEMALE,downreg,Gnaq.mRNA1,NA,1,NA
FEMALE,downreg,Lamp2.mRNA,NA,1,1
FEMALE,downreg,Casp8.mRNA,NA,1,NA
FEMALE,downreg,Ywhaq.mRNA1,NA,1,1
FEMALE,downreg,Dgkb.mRNA1,NA,1,1
FEMALE,downreg,Gpd1l.mRNA1,NA,1,1
FEMALE,downreg,Rab2a.mRNA1,NA,1,1
FEMALE,downreg,Parp2.mRNA1,NA,1,1
FEMALE,downreg,Nts.mRNA1,NA,1,1
FEMALE,downreg,Gbp2.mRNA1,NA,1,NA
FEMALE,downreg,Epha7.mRNA1,NA,1,1
FEMALE,downreg,Fmr1.mRNA1,NA,1,NA
FEMALE,downreg,Tlr3.mRNA1,NA,1,NA
FEMALE,downreg,Cdc42.mRNA1,NA,1,1
FEMALE,downreg,Bin1.mRNA1,NA,1,NA
FEMALE,downreg,Gsk3b.mRNA1,NA,1,1
FEMALE,downreg,Gria1.mRNA1,NA,1,NA
FEMALE,downreg,Ran.mRNA1,NA,1,1
FEMALE,downreg,Psmd10.mRNA1,NA,1,1
FEMALE,downreg,Lsm2.mRNA2,NA,1,1
FEMALE,downreg,Pdhb.mRNA,NA,1,1
FEMALE,downreg,Sirt5.mRNA1,NA,1,1
FEMALE,downreg,Cntf.mRNA1,NA,1,NA
FEMALE,downreg,Cds1.mRNA1,NA,1,NA
FEMALE,downreg,Cadps.mRNA1,NA,1,1
FEMALE,downreg,Ap2b1.mRNA1,NA,1,NA
FEMALE,downreg,Prkdc.mRNA,NA,1,NA
FEMALE,downreg,Npy.mRNA1,NA,1,1
FEMALE,downreg,Gls.mRNA1,NA,1,1
FEMALE,downreg,Gla.mRNA2,NA,1,1
FEMALE,downreg,Prkar1a.mRNA1,NA,1,1
FEMALE,downreg,Tbpl1.mRNA,NA,1,1
FEMALE,downreg,Cul3.mRNA1,NA,1,NA
FEMALE,downreg,Hdac2.mRNA,NA,1,1
FEMALE,downreg,Ccs.mRNA,NA,1,1
FEMALE,downreg,P2rx4.mRNA1,NA,1,1
FEMALE,downreg,Map2k2.mRNA2,NA,1,NA
FEMALE,downreg,Mbp.mRNA1,NA,1,NA
FEMALE,downreg,Acvrl1.mRNA1,NA,1,1
FEMALE,downreg,Ngf.mRNA1,NA,1,NA
FEMALE,downreg,Abce1.mRNA,NA,1,NA
FEMALE,downreg,Vip.mRNA1,NA,1,1
FEMALE,downreg,Fgf13.mRNA1,NA,1,1
FEMALE,downreg,Ncl.mRNA1,NA,1,NA
FEMALE,downreg,Polr2j.mRNA1,NA,NA,1
FEMALE,downreg,Ppt1.mRNA1,NA,NA,1
FEMALE,downreg,Hsd11b1.mRNA,NA,NA,1
FEMALE,downreg,Glrb.mRNA2,NA,NA,1
FEMALE,downreg,Gtf2b.mRNA1,NA,NA,1
FEMALE,downreg,Clta.mRNA1,NA,NA,1
FEMALE,downreg,Atp6v0d1.mRNA,NA,NA,1
FEMALE,downreg,Atp5g3.mRNA1,NA,NA,1
FEMALE,downreg,Hdac7.mRNA1,NA,NA,1
FEMALE,downreg,Atp6v1c1.mRNA1,NA,NA,1
FEMALE,downreg,Gabra1.mRNA2,NA,NA,1
FEMALE,downreg,Atp6v1g2.mRNA1,NA,NA,1
FEMALE,downreg,Meaf6.mRNA,NA,NA,1
FEMALE,downreg,Map1lc3b.mRNA1,NA,NA,1
FEMALE,downreg,Calb1.mRNA1,NA,NA,1
FEMALE,downreg,Ube2g1.mRNA2,NA,NA,1
FEMALE,downreg,Arl6ip5.mRNA1,NA,NA,1
FEMALE,downreg,Atp5pb.mRNA1,NA,NA,1
FEMALE,downreg,Acat2.mRNA1,NA,NA,1
FEMALE,downreg,Ndufa10.mRNA1,NA,NA,1
FEMALE,downreg,Ipcef1.mRNA,NA,NA,1
FEMALE,downreg,Tnfrsf12a.mRNA,NA,NA,1
FEMALE,downreg,Bad.mRNA2,NA,NA,1
FEMALE,downreg,Cck.mRNA1,NA,NA,1
FEMALE,downreg,Tusc3.mRNA1,NA,NA,1
FEMALE,downreg,Ptk2.mRNA,NA,NA,1
FEMALE,downreg,Nova1.mRNA1,NA,NA,1
FEMALE,downreg,Homer1.mRNA1,NA,NA,1
FEMALE,downreg,Gng3.mRNA1,NA,NA,1
FEMALE,downreg,Slc9a6.mRNA1,NA,NA,1
FEMALE,downreg,Kpna1.mRNA1,NA,NA,1
FEMALE,downreg,Fbxw11.mRNA1,NA,NA,1
FEMALE,downreg,Taf10.mRNA1,NA,NA,1
FEMALE,downreg,Slc25a17.mRNA1,NA,NA,1
FEMALE,downreg,Cxcl12.mRNA1,NA,NA,1
FEMALE,downreg,Ppp3cb.mRNA2,NA,NA,1
FEMALE,downreg,Htra2.mRNA1,NA,NA,1
FEMALE,downreg,Ugcg.mRNA1,NA,NA,1
FEMALE,downreg,Pgk1.mRNA1,NA,NA,1
FEMALE,downreg,Gnptg.mRNA,NA,NA,1
FEMALE,downreg,Cxcl16.mRNA,NA,NA,1
FEMALE,downreg,Ppp2ca.mRNA1,NA,NA,1
FEMALE,downreg,Scoc.mRNA1,NA,NA,1
FEMALE,downreg,Stx1a.mRNA1,NA,NA,1
FEMALE,downreg,Timp2.mRNA1,NA,NA,1
FEMALE,downreg,Chrna7.mRNA1,NA,NA,1
FEMALE,downreg,Panx1.mRNA1,NA,NA,1
FEMALE,downreg,Il4ra.mRNA,NA,NA,1
FEMALE,downreg,Ppp3r1.mRNA1,NA,NA,1
FEMALE,downreg,Ring1.mRNA1,NA,NA,1
FEMALE,downreg,Itm2a.mRNA,NA,NA,1
FEMALE,downreg,Acadsb.mRNA,NA,NA,1
FEMALE,downreg,Dmd.mRNA1,NA,NA,1
FEMALE,downreg,Cnr1.mRNA2,NA,NA,1
FEMALE,downreg,Ap4s1.mRNA,NA,NA,1
FEMALE,downreg,Sri.mRNA1,NA,NA,1
FEMALE,downreg,Cst3.mRNA1,NA,NA,1
FEMALE,downreg,Gabra4.mRNA1,NA,NA,1
FEMALE,downreg,Samm50.mRNA1,NA,NA,1
FEMALE,downreg,Bid.mRNA1,NA,NA,1
FEMALE,downreg,Psmc2.mRNA1,NA,NA,1
FEMALE,downreg,Sh3gl2.mRNA1,NA,NA,1
FEMALE,downreg,Fabp5.mRNA1,NA,NA,1
FEMALE,downreg,Grb2.mRNA1,NA,NA,1
FEMALE,downreg,C9orf72.mRNA,NA,NA,1
FEMALE,downreg,Ptdss1.mRNA,NA,NA,1
FEMALE,downreg,Pllp.mRNA1,NA,NA,1
FEMALE,downreg,Hacd3.mRNA1,NA,NA,1
FEMALE,downreg,Mapk1.mRNA,NA,NA,1
FEMALE,downreg,Gjb1.mRNA,NA,NA,1
FEMALE,downreg,Polr2h.mRNA1,NA,NA,1
FEMALE,downreg,Mapk9.mRNA1,NA,NA,1
FEMALE,downreg,Eif2b5.mRNA1,NA,NA,1
FEMALE,downreg,Acaa1a.mRNA,NA,NA,1
FEMALE,downreg,Ppm1a.mRNA,NA,NA,1
FEMALE,downreg,Cd6.mRNA,NA,NA,1
ALL,upreg,Bhlhe40.mRNA2,1,1,1
ALL,upreg,Atf4.mRNA2,1,NA,NA
ALL,upreg,Arc.mRNA2,1,1,1
ALL,upreg,Cdkn1a.mRNA3,1,NA,NA
ALL,upreg,Bhlhe41.mRNA2,1,1,1
ALL,upreg,Nfkbia.mRNA2,1,NA,1
ALL,upreg,Fasl.mRNA2,1,1,1
ALL,upreg,Ptgis.mRNA2,1,1,1
ALL,upreg,Calb2.mRNA3,1,NA,NA
ALL,upreg,Tmem119.mRNA2,1,1,1
ALL,upreg,Egr1.mRNA2,1,1,1
ALL,upreg,Srpr.mRNA2,1,1,NA
ALL,upreg,Egr2.mRNA2,1,NA,1
ALL,upreg,Pla2g4d.mRNA2,1,1,1
ALL,upreg,Ccl12.mRNA3,1,NA,NA
ALL,upreg,Il6ra.mRNA3,1,NA,NA
ALL,upreg,Pla2g4c.mRNA2,1,1,1
ALL,upreg,Hspb1.mRNA2,1,1,1
ALL,upreg,Fam126a.mRNA1,1,NA,1
ALL,upreg,Cxcl11.mRNA2,1,1,1
ALL,upreg,Ide.mRNA,1,NA,NA
ALL,upreg,Jak2.mRNA2,1,NA,1
ALL,upreg,Gstp1.mRNA2,1,NA,NA
ALL,upreg,Ms4a4a.mRNA2,1,1,1
ALL,upreg,Nmb.mRNA1,1,NA,NA
ALL,upreg,Tnfrsf12a.mRNA1,1,NA,NA
ALL,upreg,Gtf2h1.mRNA3,1,NA,NA
ALL,upreg,Nostrin.mRNA2,1,NA,NA
ALL,upreg,Ptpn1.mRNA2,1,NA,NA
ALL,upreg,P2ry1.mRNA2,1,1,1
ALL,upreg,Angpt2.mRNA2,1,NA,NA
ALL,upreg,Polr2h.mRNA2,1,NA,NA
ALL,upreg,Sphk1.mRNA1,1,1,NA
ALL,upreg,Prpf3.mRNA3,1,NA,NA
ALL,upreg,Ccr2.mRNA1,1,NA,1
ALL,upreg,Axin2.mRNA2,1,1,1
ALL,upreg,Fos.mRNA2,1,NA,1
ALL,upreg,Slc18a2.mRNA2,1,1,1
ALL,upreg,Fth1.mRNA2,1,NA,NA
ALL,upreg,Tnfrsf10b.mRNA1,1,1,1
ALL,upreg,Xbp1.mRNA3,1,NA,NA
ALL,upreg,Tpsb2.mRNA2,1,1,1
ALL,upreg,Mtmr4.mRNA2,1,1,1
ALL,upreg,Bcl2.mRNA,1,NA,NA
ALL,upreg,Hdc.mRNA2,1,1,1
ALL,upreg,Ddit3.mRNA3,1,NA,NA
ALL,upreg,Park2.mRNA1,1,NA,NA
ALL,upreg,Serping1.mRNA1,1,NA,NA
ALL,upreg,Trim2.mRNA2,NA,1,1
ALL,upreg,Khsrp.mRNA2,NA,1,1
ALL,upreg,Cltc.mRNA2,NA,1,1
ALL,upreg,Cd3d.mRNA2,NA,1,1
ALL,upreg,Ncam1.mRNA2,NA,1,1
ALL,upreg,Rasgrp1.mRNA2,NA,1,1
ALL,upreg,F2.mRNA2,NA,1,1
ALL,upreg,Kcnq3.mRNA2,NA,1,1
ALL,upreg,Slc12a2.mRNA2,NA,1,1
ALL,upreg,Gad1.mRNA2,NA,1,1
ALL,upreg,Cyfip2.mRNA2,NA,1,1
ALL,upreg,Ptprm.mRNA2,NA,1,1
ALL,upreg,Anapc1.mRNA2,NA,1,1
ALL,upreg,Braf.mRNA2,NA,1,1
ALL,upreg,B4galt5.mRNA2,NA,1,1
ALL,upreg,Ctnnb1.mRNA2,NA,1,1
ALL,upreg,Slc38a1.mRNA2,NA,1,1
ALL,upreg,Por.mRNA2,NA,1,1
ALL,upreg,Fn1.mRNA2,NA,1,1
ALL,upreg,Atp2a2.mRNA2,NA,1,1
ALL,upreg,Mapk14.mRNA2,NA,1,1
ALL,upreg,Ubqln1.mRNA2,NA,1,1
ALL,upreg,Acly.mRNA2,NA,1,1
ALL,upreg,C4a.b.mRNA3,NA,1,1
ALL,upreg,Rasgrf1.mRNA2,NA,1,1
ALL,upreg,Crkl.mRNA2,NA,1,1
ALL,upreg,Bace1.mRNA2,NA,1,1
ALL,upreg,Cx3cl1.mRNA2,NA,1,1
ALL,upreg,Dlgap1.mRNA3,NA,1,1
ALL,upreg,Gnai1.mRNA3,NA,1,1
ALL,upreg,Foxp3.mRNA2,NA,1,1
ALL,upreg,Dagla.mRNA2,NA,1,1
ALL,upreg,Map3k4.mRNA2,NA,1,1
ALL,upreg,Adar.mRNA2,NA,1,1
ALL,upreg,Ryr2.mRNA2,NA,1,1
ALL,upreg,Atp1a1.mRNA2,NA,1,1
ALL,upreg,Ptger4.mRNA2,NA,1,1
ALL,upreg,Slc12a5.mRNA2,NA,1,1
ALL,upreg,Phf19.mRNA2,NA,1,1
ALL,upreg,Cpt1b.mRNA2,NA,1,1
ALL,upreg,Erbb3.mRNA2,NA,1,1
ALL,upreg,Chrm5.mRNA2,NA,1,1
ALL,upreg,Pdgfra.mRNA2,NA,1,1
ALL,upreg,Nrcam.mRNA3,NA,1,1
ALL,upreg,Serinc3.mRNA2,NA,1,1
ALL,upreg,Grin2a.mRNA3,NA,1,1
ALL,upreg,Gad2.mRNA3,NA,1,1
ALL,upreg,Gabrr1.mRNA2,NA,1,1
ALL,upreg,Igf1.mRNA3,NA,1,1
ALL,upreg,Prkab2.mRNA3,NA,1,1
ALL,upreg,Hsd17b4.mRNA2,NA,1,1
ALL,upreg,Napsa.mRNA2,NA,1,1
ALL,upreg,Xk.mRNA2,NA,1,1
ALL,upreg,Scn8a.mRNA2,NA,1,1
ALL,upreg,Pla2g2f.mRNA2,NA,1,1
ALL,upreg,Ube4b.mRNA2,NA,1,1
ALL,upreg,Map2k1.mRNA2,NA,1,1
ALL,upreg,Ret.mRNA2,NA,1,1
ALL,upreg,Tbr1.mRNA2,NA,1,1
ALL,upreg,Npas2.mRNA2,NA,1,1
ALL,upreg,Unc79.mRNA2,NA,1,1
ALL,upreg,Mfn2.mRNA2,NA,1,1
ALL,upreg,Atp2b3.mRNA2,NA,1,1
ALL,upreg,Atp8a2.mRNA2,NA,1,1
ALL,upreg,Adam22.mRNA4,NA,1,1
ALL,upreg,Itpr1.mRNA2,NA,1,1
ALL,upreg,Mtor.mRNA2,NA,1,1
ALL,upreg,Mertk.mRNA2,NA,1,1
ALL,upreg,Ptprz1.mRNA2,NA,1,1
ALL,upreg,Ceacam3.mRNA2,NA,1,1
ALL,upreg,Atp2b2.mRNA2,NA,1,1
ALL,upreg,Atg2b.mRNA2,NA,1,1
ALL,upreg,Cspg4.mRNA2,NA,1,1
ALL,upreg,Trim17.mRNA2,NA,1,1
ALL,upreg,Amph.mRNA2,NA,1,1
ALL,upreg,Slc8a1.mRNA1,NA,1,1
ALL,upreg,Lrp1.mRNA2,NA,1,1
ALL,upreg,Nfe2l2.mRNA2,NA,1,1
ALL,upreg,Klhl12.mRNA2,NA,1,1
ALL,upreg,Hmox1.mRNA2,NA,1,1
ALL,upreg,Dlx2.mRNA2,NA,1,1
ALL,upreg,Prl.mRNA2,NA,1,1
ALL,upreg,Gabrp.mRNA2,NA,1,1
ALL,upreg,App.mRNA2,NA,1,1
ALL,upreg,Cacna2d3.mRNA3,NA,1,NA
ALL,upreg,Grm1.mRNA2,NA,1,1
ALL,upreg,Tgm1.mRNA2,NA,1,1
ALL,upreg,Gpr17.mRNA2,NA,1,1
ALL,upreg,Btrc.mRNA2,NA,1,1
ALL,upreg,Kcnd2.mRNA2,NA,1,1
ALL,upreg,Smad3.mRNA2,NA,1,1
ALL,upreg,Msr1.mRNA2,NA,1,1
ALL,upreg,Pdha1.mRNA3,NA,1,NA
ALL,upreg,Kcnv1.mRNA3,NA,1,NA
ALL,upreg,Shank2.mRNA2,NA,1,1
ALL,upreg,Spib.mRNA2,NA,1,1
ALL,upreg,Ywhag.mRNA2,NA,1,1
ALL,upreg,Gaa.mRNA2,NA,1,1
ALL,upreg,Tcl1.mRNA2,NA,1,1
ALL,upreg,Gsn.mRNA2,NA,1,1
ALL,upreg,Kcnj10.mRNA2,NA,1,1
ALL,upreg,Fbxl3.mRNA2,NA,1,1
ALL,upreg,Syn1.mRNA2,NA,1,1
ALL,upreg,Dbh.mRNA2,NA,1,1
ALL,upreg,Islr2.mRNA2,NA,1,1
ALL,upreg,Prkacb.mRNA2,NA,1,1
ALL,upreg,Aplp2.mRNA2,NA,1,1
ALL,upreg,Mthfr.mRNA2,NA,1,1
ALL,upreg,Nos1ap.mRNA2,NA,1,1
ALL,upreg,Chrnb2.mRNA2,NA,1,1
ALL,upreg,Arhgef10.mRNA2,NA,1,1
ALL,upreg,Slc18a3.mRNA2,NA,1,1
ALL,upreg,Ugt8a.mRNA3,NA,1,NA
ALL,upreg,Cd8b1.mRNA2,NA,1,1
ALL,upreg,Slc10a6.mRNA2,NA,1,1
ALL,upreg,Egfr.mRNA2,NA,1,1
ALL,upreg,Etv5.mRNA2,NA,1,1
ALL,upreg,Lamb2.mRNA2,NA,1,1
ALL,upreg,Pla2g4f.mRNA2,NA,1,1
ALL,upreg,Olig2.mRNA2,NA,1,1
ALL,upreg,Atp6v1a.mRNA2,NA,1,1
ALL,upreg,Tnfrsf21.mRNA2,NA,1,NA
ALL,upreg,Nsf.mRNA2,NA,1,NA
ALL,upreg,Tnr.mRNA4,NA,1,1
ALL,upreg,Nckap1.mRNA2,NA,1,1
ALL,upreg,Gzma.mRNA2,NA,1,1
ALL,upreg,Th.mRNA2,NA,1,1
ALL,upreg,Cntn1.mRNA2,NA,1,1
ALL,upreg,Hcn1.mRNA4,NA,1,NA
ALL,upreg,Bdnf.mRNA2,NA,1,NA
ALL,upreg,Epha2.mRNA2,NA,1,1
ALL,upreg,Plp1.mRNA2,NA,1,NA
ALL,upreg,Ntrk1.mRNA2,NA,1,1
ALL,upreg,Tsc1.mRNA2,NA,1,1
ALL,upreg,Cacna1e.mRNA3,NA,1,1
ALL,upreg,Cd163.mRNA2,NA,1,1
ALL,upreg,Atp1b1.mRNA3,NA,1,NA
ALL,upreg,Tmem88b.mRNA2,NA,1,1
ALL,upreg,Atrn.mRNA2,NA,1,NA
ALL,upreg,Itgax.mRNA4,NA,1,1
ALL,upreg,Ms4a1.mRNA1,NA,1,1
ALL,upreg,Unc80.mRNA2,NA,1,1
ALL,upreg,Stxbp1.mRNA2,NA,1,1
ALL,upreg,Snap25.mRNA3,NA,1,NA
ALL,upreg,Hk1.mRNA2,NA,1,1
ALL,upreg,Rhob.mRNA2,NA,1,1
ALL,upreg,Cntnap1.mRNA2,NA,1,1
ALL,upreg,Grin1.mRNA2,NA,1,1
ALL,upreg,Atp2b4.mRNA2,NA,1,1
ALL,upreg,Ncr1.mRNA2,NA,1,1
ALL,upreg,Nkg7.mRNA2,NA,1,1
ALL,upreg,Prkcd.mRNA2,NA,1,1
ALL,upreg,Trem1.mRNA2,NA,1,1
ALL,upreg,Tbk1.mRNA2,NA,1,1
ALL,upreg,Eomes.mRNA2,NA,1,1
ALL,upreg,Fig4.mRNA2,NA,1,NA
ALL,upreg,Slc1a3.mRNA2,NA,1,1
ALL,upreg,Marco.mRNA2,NA,1,1
ALL,upreg,Grin3b.mRNA2,NA,1,1
ALL,upreg,Cacna1a.mRNA2,NA,1,1
ALL,upreg,Gabrr3.mRNA2,NA,1,1
ALL,upreg,Camk2g.mRNA2,NA,1,1
ALL,upreg,Plcb1.mRNA3,NA,1,1
ALL,upreg,Amigo2.mRNA2,NA,1,1
ALL,upreg,Npc1.mRNA2,NA,1,1
ALL,upreg,Sorl1.mRNA2,NA,1,NA
ALL,upreg,Prf1.mRNA2,NA,1,1
ALL,upreg,Tanc2.mRNA2,NA,1,1
ALL,upreg,Htr5a.mRNA2,NA,1,1
ALL,upreg,Rad23b.mRNA2,NA,1,1
ALL,upreg,Kel.mRNA2,NA,1,1
ALL,upreg,Arhgap44.mRNA2,NA,1,1
ALL,upreg,Gria2.mRNA3,NA,1,1
ALL,upreg,B4galt6.mRNA2,NA,1,NA
ALL,upreg,Plaa.mRNA2,NA,1,1
ALL,upreg,Psen1.mRNA2,NA,1,1
ALL,upreg,Pmepa1.mRNA2,NA,1,1
ALL,upreg,Fcrlb.mRNA2,NA,1,1
ALL,upreg,Cxcl10.mRNA2,NA,1,1
ALL,upreg,Ldhc.mRNA2,NA,1,1
ALL,upreg,Pah.mRNA2,NA,1,1
ALL,upreg,Adrb2.mRNA2,NA,1,1
ALL,upreg,Grn.mRNA2,NA,1,1
ALL,upreg,Chat.mRNA2,NA,1,1
ALL,upreg,Drd4.mRNA2,NA,1,1
ALL,upreg,Ptgs2.mRNA2,NA,1,1
ALL,upreg,Fa2h.mRNA2,NA,1,1
ALL,upreg,Gba.mRNA2,NA,1,1
ALL,upreg,U2af2.mRNA2,NA,1,1
ALL,upreg,Notch3.mRNA2,NA,1,1
ALL,upreg,Cnr1.mRNA3,NA,1,NA
ALL,upreg,Itgal.mRNA2,NA,1,1
ALL,upreg,Pla2g2a.mRNA2,NA,1,1
ALL,upreg,Sgpl1.mRNA1,NA,1,1
ALL,upreg,Sla.mRNA2,NA,1,1
ALL,upreg,Inpp4a.mRNA2,NA,1,1
ALL,upreg,Ptk2b.mRNA2,NA,1,1
ALL,upreg,Ticam1.mRNA1,NA,1,1
ALL,upreg,Elmo1.mRNA2,NA,1,NA
ALL,upreg,Pnoc.mRNA1,NA,1,NA
ALL,upreg,Ubqln2.mRNA2,NA,1,1
ALL,upreg,Gas6.mRNA2,NA,1,NA
ALL,upreg,Nptn.mRNA3,NA,1,NA
ALL,upreg,Gnao1.mRNA2,NA,1,1
ALL,upreg,Nos2.mRNA2,NA,1,1
ALL,upreg,Notch4.mRNA2,NA,1,1
ALL,upreg,Ywhaz.mRNA2,NA,1,NA
ALL,upreg,Sqstm1.mRNA2,NA,1,1
ALL,upreg,Alas1.mRNA2,NA,1,NA
ALL,upreg,Ryr3.mRNA2,NA,1,1
ALL,upreg,Dll4.mRNA2,NA,1,1
ALL,upreg,Slc2a5.mRNA2,NA,1,1
ALL,upreg,C1s1.mRNA2,NA,1,1
ALL,upreg,Kitl.mRNA1,NA,1,1
ALL,upreg,Avp.mRNA2,NA,1,1
ALL,upreg,Adcyap1r1.mRNA2,NA,1,1
ALL,upreg,Blk.mRNA2,NA,1,1
ALL,upreg,Cd4.mRNA1,NA,1,NA
ALL,upreg,Ank.mRNA2,NA,1,NA
ALL,upreg,Crtc2.mRNA2,NA,1,1
ALL,upreg,Stat3.mRNA1,NA,1,1
ALL,upreg,Nmnat2.mRNA2,NA,1,1
ALL,upreg,Cux2.mRNA2,NA,1,1
ALL,upreg,Grin3a.mRNA2,NA,1,NA
ALL,upreg,Sh2d1a.mRNA1,NA,1,1
ALL,upreg,Cacna1s.mRNA2,NA,1,1
ALL,upreg,Cd40.mRNA2,NA,1,1
ALL,upreg,Klrk1.mRNA2,NA,1,1
ALL,upreg,Gpr4.mRNA2,NA,1,1
ALL,upreg,C6.mRNA2,NA,1,1
ALL,upreg,Trac.mRNA2,NA,1,1
ALL,upreg,Nos1.mRNA2,NA,1,1
ALL,upreg,Gpnmb.mRNA4,NA,1,NA
ALL,upreg,Tnfrsf11b.mRNA2,NA,1,1
ALL,upreg,Mbtps1.mRNA2,NA,1,NA
ALL,upreg,Lama2.mRNA1,NA,1,1
ALL,upreg,Dnajc5.mRNA2,NA,1,NA
ALL,upreg,Ins2.mRNA2,NA,1,1
ALL,upreg,Cacna1c.mRNA2,NA,1,1
ALL,upreg,Chrm2.mRNA2,NA,1,1
ALL,upreg,H2.Ea.ps.mRNA2,NA,1,1
ALL,upreg,Htt.mRNA2,NA,1,1
ALL,upreg,Man2b1.mRNA2,NA,1,1
ALL,upreg,Mx1.mRNA1,NA,1,1
ALL,upreg,Tnfrsf1a.mRNA2,NA,1,1
ALL,upreg,Il10.mRNA1,NA,1,NA
ALL,upreg,Cacna1f.mRNA1,NA,1,1
ALL,upreg,Cd8a.mRNA2,NA,1,1
ALL,upreg,Ulk1.mRNA1,NA,1,1
ALL,upreg,Tgfbr2.mRNA4,NA,1,1
ALL,upreg,Got1.mRNA2,NA,1,NA
ALL,upreg,Cyp2u1.mRNA2,NA,1,1
ALL,upreg,Scamp2.mRNA2,NA,1,1
ALL,upreg,Ryr1.mRNA1,NA,1,NA
ALL,upreg,Inhbb.mRNA2,NA,1,1
ALL,upreg,Mmp19.mRNA2,NA,1,1
ALL,upreg,Stat2.mRNA1,NA,1,1
ALL,upreg,Notch1.mRNA2,NA,1,1
ALL,upreg,AI464131.mRNA2,NA,1,1
ALL,upreg,Mafb.mRNA3,NA,1,1
ALL,upreg,Klrb1.mRNA2,NA,1,1
ALL,upreg,Pla2g6.mRNA1,NA,1,NA
ALL,upreg,Chd4.mRNA2,NA,1,1
ALL,upreg,Trim46.mRNA2,NA,1,NA
ALL,upreg,Adcy8.mRNA2,NA,1,NA
ALL,upreg,Cfi.mRNA2,NA,1,1
ALL,upreg,Arg2.mRNA3,NA,1,NA
ALL,upreg,Des.mRNA2,NA,1,1
ALL,upreg,Gdnf.mRNA2,NA,1,1
ALL,upreg,Tbx21.mRNA2,NA,1,1
ALL,upreg,Nap1l2.mRNA1,NA,1,NA
ALL,upreg,Gnai3.mRNA2,NA,1,1
ALL,upreg,Vcp.mRNA2,NA,1,NA
ALL,upreg,Csf1.mRNA3,NA,1,1
ALL,upreg,Kir3dl1.2.mRNA1,NA,1,1
ALL,upreg,Ggt1.mRNA1,NA,1,1
ALL,upreg,Serpina3n.mRNA2,NA,1,1
ALL,upreg,Dnah1.mRNA2,NA,1,1
ALL,upreg,Pkd2.mRNA2,NA,1,1
ALL,upreg,Cd47.mRNA1,NA,1,NA
ALL,upreg,Slc46a1.mRNA1,NA,1,NA
ALL,upreg,Sorcs3.mRNA3,NA,1,NA
ALL,upreg,Myorg.mRNA2,NA,1,NA
ALL,upreg,Abcc8.mRNA2,NA,1,NA
ALL,upreg,Pla2g4b.mRNA1,NA,1,NA
ALL,upreg,Sh3tc2.mRNA2,NA,1,NA
ALL,upreg,Mkrn1.mRNA2,NA,1,NA
ALL,upreg,Sybu.mRNA2,NA,1,NA
ALL,upreg,Igf1r.mRNA2,NA,1,1
ALL,upreg,Entpd4.mRNA2,NA,1,NA
ALL,upreg,Cers6.mRNA2,NA,1,1
ALL,upreg,Jak1.mRNA2,NA,1,1
ALL,upreg,Slc6a1.mRNA2,NA,1,1
ALL,upreg,Itpr3.mRNA2,NA,1,1
ALL,upreg,Gpm6a.mRNA2,NA,1,NA
ALL,upreg,Gzmb.mRNA1,NA,1,1
ALL,upreg,Ctse.mRNA1,NA,1,1
ALL,upreg,Mecp2.mRNA2,NA,1,1
ALL,upreg,Tpsab1.mRNA,NA,1,1
ALL,upreg,Wasf1.mRNA2,NA,1,NA
ALL,upreg,Syt1.mRNA3,NA,1,NA
ALL,upreg,Cpne2.mRNA2,NA,1,NA
ALL,upreg,Mmp9.mRNA2,NA,1,1
ALL,upreg,Wdr35.mRNA1,NA,1,NA
ALL,upreg,Ccl5.mRNA1,NA,1,NA
ALL,upreg,Tpi1.mRNA2,NA,1,NA
ALL,upreg,Ltc4s.mRNA2,NA,1,1
ALL,upreg,Cpa3.mRNA1,NA,1,1
ALL,upreg,Hacd3.mRNA2,NA,1,NA
ALL,upreg,Abcc3.mRNA1,NA,1,NA
ALL,upreg,Phyh.mRNA2,NA,1,NA
ALL,upreg,Pdgfrb.mRNA2,NA,1,1
ALL,upreg,Slpi.mRNA1,NA,1,NA
ALL,upreg,Lpo.mRNA1,NA,1,1
ALL,upreg,Ndufb5.mRNA1,NA,1,NA
ALL,upreg,Lif.mRNA1,NA,1,1
ALL,upreg,Camk2d.mRNA3,NA,1,NA
ALL,upreg,Cacna1b.mRNA3,NA,1,NA
ALL,upreg,Rela.mRNA2,NA,1,1
ALL,upreg,Cers1.mRNA2,NA,1,1
ALL,upreg,Pias1.mRNA2,NA,1,NA
ALL,upreg,Bcl2l1.mRNA2,NA,1,1
ALL,upreg,Cacnb2.mRNA2,NA,1,1
ALL,upreg,Rfx4.mRNA1,NA,1,1
ALL,upreg,Dnm1.mRNA1,NA,1,NA
ALL,upreg,Gphn.mRNA1,NA,1,NA
ALL,upreg,Dnm3.mRNA2,NA,1,NA
ALL,upreg,Slc24a3.mRNA1,NA,1,NA
ALL,upreg,Cldn15.mRNA2,NA,1,1
ALL,upreg,Ager.mRNA1,NA,1,1
ALL,upreg,Kcnk13.mRNA1,NA,1,NA
ALL,upreg,Agmo.mRNA2,NA,1,NA
ALL,upreg,Calm4.mRNA1,NA,1,1
ALL,upreg,Sec23a.mRNA2,NA,1,NA
ALL,upreg,Tbp.mRNA2,NA,1,1
ALL,upreg,Syn2.mRNA2,NA,1,NA
ALL,upreg,Ap3m2.mRNA2,NA,1,NA
ALL,upreg,Cd3e.mRNA2,NA,1,NA
ALL,upreg,Nlrp3.mRNA1,NA,1,1
ALL,upreg,Myc.mRNA2,NA,1,1
ALL,upreg,Il10ra.mRNA2,NA,1,1
ALL,upreg,Emp1.mRNA1,NA,1,NA
ALL,upreg,P2ry14.mRNA1,NA,1,NA
ALL,upreg,Atp13a2.mRNA2,NA,1,1
ALL,upreg,Pde1b.mRNA2,NA,1,NA
ALL,upreg,Gabra1.mRNA3,NA,1,NA
ALL,upreg,Slc4a10.mRNA1,NA,1,NA
ALL,upreg,Prkcg.mRNA1,NA,1,NA
ALL,upreg,Csf1r.mRNA1,NA,1,1
ALL,upreg,Pfn1.mRNA1,NA,1,1
ALL,upreg,Lta4h.mRNA1,NA,1,NA
ALL,upreg,Ube3c.mRNA1,NA,1,NA
ALL,upreg,Mutyh.mRNA1,NA,1,NA
ALL,upreg,Itga5.mRNA2,NA,1,NA
ALL,upreg,Slc6a4.mRNA2,NA,1,NA
ALL,upreg,Dnm2.mRNA2,NA,1,1
ALL,upreg,Hspa1a.b.mRNA2,NA,1,NA
ALL,upreg,Grin2d.mRNA1,NA,1,1
ALL,upreg,Eif2ak1.mRNA2,NA,1,1
ALL,upreg,Gngt1.mRNA1,NA,1,1
ALL,upreg,Igfbp5.mRNA2,NA,1,1
ALL,upreg,Atp6v1b2.mRNA1,NA,1,NA
ALL,upreg,Dock3.mRNA3,NA,1,1
ALL,upreg,Eno2.mRNA1,NA,1,NA
ALL,upreg,Dgke.mRNA2,NA,1,NA
ALL,upreg,Hdac6.mRNA2,NA,1,1
ALL,upreg,Gucy1b3.mRNA1,NA,1,NA
ALL,upreg,Trpm2.mRNA1,NA,1,1
ALL,upreg,Cdk5.mRNA1,NA,1,NA
ALL,upreg,Plcb4.mRNA2,NA,1,NA
ALL,upreg,Rab3a.mRNA2,NA,1,NA
ALL,upreg,Becn1.mRNA1,NA,1,NA
ALL,upreg,Fgf2.mRNA1,NA,1,1
ALL,upreg,Atp5g3.mRNA2,NA,1,NA
ALL,upreg,Ctsl.mRNA3,NA,1,NA
ALL,upreg,Cxcr4.mRNA2,NA,1,1
ALL,upreg,Plxnb3.mRNA2,NA,1,NA
ALL,upreg,Lgmn.mRNA3,NA,1,NA
ALL,upreg,Hc.mRNA1,NA,1,1
ALL,upreg,Slc6a3.mRNA1,NA,1,1
ALL,upreg,Ctsw.mRNA2,NA,1,NA
ALL,upreg,Nr4a2.mRNA2,NA,1,1
ALL,upreg,Adora3.mRNA1,NA,1,1
ALL,upreg,Fpr1.mRNA1,NA,1,1
ALL,upreg,Ppm1l.mRNA2,NA,1,NA
ALL,upreg,C4a.mRNA2,NA,1,1
ALL,upreg,Msn.mRNA2,NA,NA,1
ALL,upreg,Diaph1.mRNA2,NA,NA,1
ALL,upreg,Ccl2.mRNA1,NA,NA,1
ALL,upreg,Epo.mRNA2,NA,NA,1
ALL,upreg,Rapgef2.mRNA2,NA,NA,1
ALL,upreg,Ddc.mRNA2,NA,NA,1
ALL,upreg,Tjp1.mRNA1,NA,NA,1
ALL,upreg,Itpr2.mRNA2,NA,NA,1
ALL,upreg,Nf1.mRNA1,NA,NA,1
ALL,upreg,Plcb3.mRNA2,NA,NA,1
ALL,upreg,Atp7a.mRNA2,NA,NA,1
ALL,upreg,Npas4.mRNA2,NA,NA,1
ALL,upreg,Trim28.mRNA2,NA,NA,1
ALL,upreg,Il1b.mRNA1,NA,NA,1
ALL,upreg,Abl1.mRNA2,NA,NA,1
ALL,upreg,Sox10.mRNA1,NA,NA,1
ALL,upreg,Cln3.mRNA1,NA,NA,1
ALL,upreg,Cables1.mRNA2,NA,NA,1
ALL,upreg,Gprasp1.mRNA2,NA,NA,1
ALL,upreg,Ptpn11.mRNA2,NA,NA,1
ALL,upreg,Ache.mRNA2,NA,NA,1
ALL,upreg,Slc11a1.mRNA2,NA,NA,1
ALL,upreg,Acin1.mRNA2,NA,NA,1
ALL,upreg,Stat1.mRNA2,NA,NA,1
ALL,upreg,Grk3.mRNA1,NA,NA,1
ALL,upreg,Ccr5.mRNA1,NA,NA,1
ALL,upreg,Tnfrsf1b.mRNA1,NA,NA,1
ALL,upreg,Cd200r1.mRNA1,NA,NA,1
ALL,upreg,Kcnd1.mRNA1,NA,NA,1
ALL,upreg,Ep300.mRNA2,NA,NA,1
ALL,upreg,Tfec.mRNA1,NA,NA,1
ALL,upreg,Axl.mRNA2,NA,NA,1
ALL,upreg,Myrf.mRNA1,NA,NA,1
ALL,upreg,Aldh1l1.mRNA1,NA,NA,1
ALL,downreg,Ccl3.mRNA2,1,NA,1
ALL,downreg,Gpnmb.mRNA5,1,NA,NA
ALL,downreg,Lpl.mRNA2,1,NA,1
ALL,downreg,Cybb.mRNA2,1,NA,NA
ALL,downreg,Olfr110.mRNA2,1,1,1
ALL,downreg,Lilrb4a.mRNA2,1,NA,NA
ALL,downreg,Itgax.mRNA5,1,NA,NA
ALL,downreg,Ptprc.mRNA2,1,1,1
ALL,downreg,Cd68.mRNA2,1,NA,NA
ALL,downreg,Cd74.mRNA2,1,NA,NA
ALL,downreg,Cd14.mRNA2,1,NA,NA
ALL,downreg,Gusb.mRNA2,1,1,1
ALL,downreg,Lgals3.mRNA2,1,NA,1
ALL,downreg,Prkab1.mRNA2,1,NA,1
ALL,downreg,Spi1.mRNA2,1,NA,1
ALL,downreg,Tgfbr2.mRNA5,1,NA,NA
ALL,downreg,H2.D1.mRNA3,1,NA,NA
ALL,downreg,Cst7.mRNA2,1,NA,NA
ALL,downreg,H2.T23.mRNA2,1,1,1
ALL,downreg,Ctsd.mRNA2,1,NA,NA
ALL,downreg,C3ar1.mRNA2,1,NA,NA
ALL,downreg,Tlr2.mRNA2,1,NA,NA
ALL,downreg,Olfm3.mRNA2,1,NA,1
ALL,downreg,Csf1.mRNA4,1,NA,NA
ALL,downreg,Spp1.mRNA3,1,NA,NA
ALL,downreg,Cldn5.mRNA2,1,1,1
ALL,downreg,Plxdc2.mRNA2,1,NA,NA
ALL,downreg,Cd33.mRNA1,1,NA,NA
ALL,downreg,Hexb.mRNA2,1,NA,NA
ALL,downreg,Ctsl.mRNA4,1,NA,NA
ALL,downreg,Gria3.mRNA3,1,NA,NA
ALL,downreg,B2m.mRNA2,1,NA,NA
ALL,downreg,Csf3r.mRNA2,1,NA,NA
ALL,downreg,Aqp4.mRNA2,1,NA,NA
ALL,downreg,Trem2.mRNA2,1,1,NA
ALL,downreg,Cx3cr1.mRNA2,1,NA,NA
ALL,downreg,Lgmn.mRNA4,1,NA,NA
ALL,downreg,C1qa.mRNA2,1,1,1
ALL,downreg,Tap1.mRNA2,1,NA,NA
ALL,downreg,F11r.mRNA1,1,NA,NA
ALL,downreg,Lyz2.mRNA2,1,NA,NA
ALL,downreg,Ggta1.mRNA1,1,NA,NA
ALL,downreg,Serpina3n.mRNA3,1,NA,NA
ALL,downreg,Glra3.mRNA2,1,NA,NA
ALL,downreg,Clec7a.mRNA2,1,1,1
ALL,downreg,Hpgds.mRNA2,1,1,1
ALL,downreg,Cd34.mRNA2,1,NA,1
ALL,downreg,Psmb8.mRNA2,1,1,1
ALL,downreg,Axl.mRNA3,1,NA,NA
ALL,downreg,Cnr1.mRNA4,1,NA,NA
ALL,downreg,Tgfbr1.mRNA2,1,1,NA
ALL,downreg,Slc11a1.mRNA3,1,NA,NA
ALL,downreg,Fcgr4.mRNA1,1,1,1
ALL,downreg,Tyrobp.mRNA2,1,NA,1
ALL,downreg,Scp2.mRNA2,1,1,NA
ALL,downreg,Chrm3.mRNA1,1,NA,NA
ALL,downreg,Casp7.mRNA2,1,1,1
ALL,downreg,Ncam2.mRNA2,1,1,1
ALL,downreg,Serpini1.mRNA3,1,NA,1
ALL,downreg,Ctss.mRNA2,1,NA,NA
ALL,downreg,Plcb4.mRNA3,1,NA,NA
ALL,downreg,Cd244a.mRNA1,1,NA,NA
ALL,downreg,Srgn.mRNA1,1,NA,NA
ALL,downreg,Cd84.mRNA2,1,NA,NA
ALL,downreg,Gfap.mRNA2,1,NA,NA
ALL,downreg,Tnfrsf11a.mRNA1,1,NA,NA
ALL,downreg,Irf8.mRNA1,1,NA,NA
ALL,downreg,Cd9.mRNA2,1,1,1
ALL,downreg,Tgfb1.mRNA2,1,NA,NA
ALL,downreg,Grin2a.mRNA4,1,NA,NA
ALL,downreg,Hif1a.mRNA2,1,NA,NA
ALL,downreg,C4a.b.mRNA4,1,NA,NA
ALL,downreg,C1qc.mRNA2,1,1,1
ALL,downreg,Lox.mRNA,1,NA,NA
ALL,downreg,Gabrb3.mRNA2,1,NA,1
ALL,downreg,Csf1r.mRNA2,1,NA,NA
ALL,downreg,Stat1.mRNA3,1,NA,NA
ALL,downreg,Gpr84.mRNA1,1,NA,NA
ALL,downreg,Sp100.mRNA1,1,1,NA
ALL,downreg,Sh3gl2.mRNA2,1,NA,NA
ALL,downreg,Adam22.mRNA5,1,NA,NA
ALL,downreg,P2ry13.mRNA,1,NA,NA
ALL,downreg,Cacna2d3.mRNA4,1,NA,NA
ALL,downreg,Gabra1.mRNA4,1,NA,NA
ALL,downreg,Adamts1.mRNA2,1,NA,NA
ALL,downreg,Kctd12.mRNA2,1,NA,NA
ALL,downreg,Acsl4.mRNA2,1,NA,NA
ALL,downreg,Cyp4x1.mRNA1,1,NA,NA
ALL,downreg,Calb1.mRNA2,1,NA,NA
ALL,downreg,C1qb.mRNA2,1,1,1
ALL,downreg,Hcn1.mRNA5,1,NA,NA
ALL,downreg,Aif1.mRNA2,NA,1,1
ALL,downreg,Calm1.mRNA2,NA,1,1
ALL,downreg,Bcas1.mRNA2,NA,1,1
ALL,downreg,Prkca.mRNA2,NA,1,1
ALL,downreg,Pten.mRNA2,NA,1,1
ALL,downreg,Cdc27.mRNA2,NA,1,1
ALL,downreg,Sugt1.mRNA2,NA,1,1
ALL,downreg,Fth1.mRNA3,NA,1,1
ALL,downreg,Ccnh.mRNA2,NA,1,1
ALL,downreg,Inpp5f.mRNA2,NA,1,1
ALL,downreg,Pvalb.mRNA2,NA,1,1
ALL,downreg,Dnm1l.mRNA2,NA,1,1
ALL,downreg,Tfam.mRNA2,NA,1,1
ALL,downreg,Cul1.mRNA2,NA,1,1
ALL,downreg,Lrrc4.mRNA2,NA,1,1
ALL,downreg,Skp1a.mRNA2,NA,1,1
ALL,downreg,Atf6.mRNA2,NA,1,1
ALL,downreg,Plekhb1.mRNA2,NA,1,1
ALL,downreg,Eif2s1.mRNA2,NA,1,1
ALL,downreg,Bcas2.mRNA2,NA,1,1
ALL,downreg,Arpc5l.mRNA2,NA,1,1
ALL,downreg,Prkcb.mRNA2,NA,1,1
ALL,downreg,Kif3a.mRNA2,NA,1,1
ALL,downreg,Pik3r1.mRNA2,NA,1,1
ALL,downreg,Kras.mRNA2,NA,1,1
ALL,downreg,Hras.mRNA2,NA,1,1
ALL,downreg,Eloc.mRNA2,NA,1,1
ALL,downreg,Arpc1a.mRNA2,NA,1,1
ALL,downreg,Rock2.mRNA2,NA,1,1
ALL,downreg,Ube2k.mRNA2,NA,1,1
ALL,downreg,Ppp2r5e.mRNA2,NA,1,1
ALL,downreg,Ccnd1.mRNA2,NA,1,1
ALL,downreg,Psma5.mRNA2,NA,1,1
ALL,downreg,Dcx.mRNA2,NA,1,1
ALL,downreg,Txnl1.mRNA2,NA,1,1
ALL,downreg,Cycs.mRNA2,NA,1,1
ALL,downreg,Atp6v1h.mRNA2,NA,1,1
ALL,downreg,Gabrb2.mRNA2,NA,1,1
ALL,downreg,Selenos.mRNA2,NA,1,1
ALL,downreg,S100b.mRNA2,NA,1,1
ALL,downreg,Akt3.mRNA2,NA,1,1
ALL,downreg,Atp6v1e1.mRNA2,NA,1,1
ALL,downreg,Xiap.mRNA2,NA,1,1
ALL,downreg,Sp1.mRNA2,NA,1,1
ALL,downreg,Cab39.mRNA2,NA,1,1
ALL,downreg,Lypla1.mRNA2,NA,1,1
ALL,downreg,Rab3c.mRNA2,NA,1,1
ALL,downreg,Mnat1.mRNA2,NA,1,1
ALL,downreg,Sod2.mRNA2,NA,1,1
ALL,downreg,Acsl3.mRNA2,NA,1,1
ALL,downreg,Zfp365.mRNA2,NA,1,1
ALL,downreg,Ppp2r5c.mRNA2,NA,1,1
ALL,downreg,Rbx1.mRNA2,NA,1,1
ALL,downreg,Bnip3.mRNA2,NA,1,1
ALL,downreg,Atp6v0e2.mRNA2,NA,1,1
ALL,downreg,Ube3a.mRNA2,NA,1,1
ALL,downreg,Cul2.mRNA2,NA,1,1
ALL,downreg,Ppp3ca.mRNA2,NA,1,1
ALL,downreg,Mmut.mRNA2,NA,1,1
ALL,downreg,Scn1a.mRNA2,NA,1,1
ALL,downreg,Ccl12.mRNA4,NA,1,1
ALL,downreg,Ermn.mRNA2,NA,1,1
ALL,downreg,Zfp24.mRNA2,NA,1,1
ALL,downreg,Rdx.mRNA2,NA,1,1
ALL,downreg,Grin2b.mRNA2,NA,1,1
ALL,downreg,Crot.mRNA2,NA,1,1
ALL,downreg,Sod1.mRNA2,NA,1,1
ALL,downreg,Chmp2b.mRNA2,NA,1,1
ALL,downreg,Kcna1.mRNA2,NA,1,1
ALL,downreg,Rasa1.mRNA2,NA,1,1
ALL,downreg,Serpine2.mRNA2,NA,1,1
ALL,downreg,Prpf31.mRNA2,NA,1,1
ALL,downreg,Tomm70a.mRNA2,NA,1,1
ALL,downreg,Cdc40.mRNA2,NA,1,1
ALL,downreg,Sumo1.mRNA2,NA,1,1
ALL,downreg,Opa1.mRNA2,NA,1,1
ALL,downreg,Ltbr.mRNA2,NA,1,1
ALL,downreg,Ap1s1.mRNA4,NA,1,1
ALL,downreg,Nrxn1.mRNA2,NA,1,1
ALL,downreg,Rims1.mRNA2,NA,1,NA
ALL,downreg,Ddit3.mRNA4,NA,1,1
ALL,downreg,Cacnb4.mRNA2,NA,1,1
ALL,downreg,Dnaja2.mRNA2,NA,1,1
ALL,downreg,Naglu.mRNA2,NA,1,1
ALL,downreg,Epha6.mRNA2,NA,1,1
ALL,downreg,Cntf.mRNA2,NA,1,1
ALL,downreg,Slc25a4.mRNA2,NA,1,1
ALL,downreg,Ap3s1.mRNA2,NA,1,1
ALL,downreg,Usp30.mRNA2,NA,1,1
ALL,downreg,Erlec1.mRNA2,NA,1,1
ALL,downreg,Adh5.mRNA2,NA,1,1
ALL,downreg,Npc2.mRNA2,NA,1,1
ALL,downreg,Twistnb.mRNA2,NA,1,1
ALL,downreg,Trim37.mRNA2,NA,1,NA
ALL,downreg,Pla2g16.mRNA2,NA,1,1
ALL,downreg,Gtf2h1.mRNA4,NA,1,1
ALL,downreg,Insr.mRNA2,NA,1,1
ALL,downreg,Apc.mRNA2,NA,1,NA
ALL,downreg,Kcnb1.mRNA2,NA,1,1
ALL,downreg,Ube2n.mRNA2,NA,1,1
ALL,downreg,Gnaq.mRNA2,NA,1,1
ALL,downreg,Efnb3.mRNA4,NA,1,1
ALL,downreg,Gtf2a1.mRNA2,NA,1,1
ALL,downreg,Pde4d.mRNA3,NA,1,NA
ALL,downreg,Eid1.mRNA2,NA,1,1
ALL,downreg,Lsm7.mRNA2,NA,1,1
ALL,downreg,Unc13a.mRNA2,NA,1,1
ALL,downreg,Tlr3.mRNA2,NA,1,NA
ALL,downreg,Brms1l.mRNA2,NA,1,1
ALL,downreg,Gbp2.mRNA2,NA,1,1
ALL,downreg,Hmgb1.mRNA2,NA,1,1
ALL,downreg,Polr2k.mRNA2,NA,1,1
ALL,downreg,Nts.mRNA2,NA,1,1
ALL,downreg,Park7.mRNA3,NA,1,1
ALL,downreg,Prkaa2.mRNA2,NA,1,1
ALL,downreg,Oxr1.mRNA2,NA,1,1
ALL,downreg,Casp3.mRNA2,NA,1,1
ALL,downreg,Mmp16.mRNA2,NA,1,1
ALL,downreg,Serpinb6a.mRNA4,NA,1,1
ALL,downreg,Atxn7.mRNA1,NA,1,NA
ALL,downreg,Neo1.mRNA2,NA,1,1
ALL,downreg,Phf21a.mRNA2,NA,1,1
ALL,downreg,Creb1.mRNA2,NA,1,1
ALL,downreg,Optn.mRNA3,NA,1,NA
ALL,downreg,Adam10.mRNA2,NA,1,1
ALL,downreg,Psmc6.mRNA2,NA,1,1
ALL,downreg,Cds1.mRNA2,NA,1,1
ALL,downreg,Rab1a.mRNA2,NA,1,1
ALL,downreg,Plcl2.mRNA3,NA,1,NA
ALL,downreg,Taf4b.mRNA3,NA,1,1
ALL,downreg,Prnp.mRNA2,NA,1,1
ALL,downreg,Atr.mRNA1,NA,1,1
ALL,downreg,Stmn1.mRNA2,NA,1,1
ALL,downreg,Tmsb4x.mRNA2,NA,1,1
ALL,downreg,Mbp.mRNA2,NA,1,1
ALL,downreg,Cul3.mRNA2,NA,1,1
ALL,downreg,Atcay.mRNA2,NA,1,1
ALL,downreg,Atg12.mRNA2,NA,1,1
ALL,downreg,Psmb9.mRNA2,NA,1,1
ALL,downreg,Gpd1l.mRNA2,NA,1,1
ALL,downreg,Gsk3b.mRNA2,NA,1,1
ALL,downreg,Map2.mRNA1,NA,1,1
ALL,downreg,Nlk.mRNA1,NA,1,1
ALL,downreg,Pik3cb.mRNA2,NA,1,NA
ALL,downreg,Mapk10.mRNA2,NA,1,1
ALL,downreg,P2rx4.mRNA2,NA,1,1
ALL,downreg,Bin1.mRNA2,NA,1,1
ALL,downreg,Shh.mRNA2,NA,1,1
ALL,downreg,Cacna2d1.mRNA2,NA,1,1
ALL,downreg,Parp2.mRNA2,NA,1,1
ALL,downreg,Pros1.mRNA1,NA,1,NA
ALL,downreg,Hdac7.mRNA2,NA,1,1
ALL,downreg,Htr1a.mRNA1,NA,1,1
ALL,downreg,Nova1.mRNA2,NA,1,1
ALL,downreg,Gria4.mRNA2,NA,1,1
ALL,downreg,Dnajb9.mRNA2,NA,1,1
ALL,downreg,Efna5.mRNA1,NA,1,1
ALL,downreg,Adora2a.mRNA2,NA,1,1
ALL,downreg,Apoe.mRNA1,NA,1,1
ALL,downreg,Ranbp9.mRNA2,NA,1,1
ALL,downreg,Ncl.mRNA2,NA,1,NA
ALL,downreg,Dgkb.mRNA2,NA,1,1
ALL,downreg,Orc5.mRNA2,NA,1,1
ALL,downreg,Vegfa.mRNA2,NA,1,1
ALL,downreg,Abca1.mRNA1,NA,1,NA
ALL,downreg,Akt1s1.mRNA3,NA,1,1
ALL,downreg,Orc4.mRNA2,NA,1,1
ALL,downreg,Mef2a.mRNA2,NA,1,1
ALL,downreg,Egfl7.mRNA2,NA,1,1
ALL,downreg,Ngf.mRNA2,NA,1,1
ALL,downreg,Sucla2.mRNA2,NA,1,1
ALL,downreg,Slu7.mRNA1,NA,1,NA
ALL,downreg,Myo5a.mRNA2,NA,1,NA
ALL,downreg,Pls1.mRNA2,NA,1,NA
ALL,downreg,Orc3.mRNA2,NA,1,1
ALL,downreg,Map2k2.mRNA3,NA,1,1
ALL,downreg,Ptprr.mRNA2,NA,1,1
ALL,downreg,Acat1.mRNA2,NA,1,1
ALL,downreg,Cers2.mRNA2,NA,1,1
ALL,downreg,Npy.mRNA2,NA,1,1
ALL,downreg,Tomm20.mRNA2,NA,1,1
ALL,downreg,Fmr1.mRNA2,NA,1,1
ALL,downreg,Ap2b1.mRNA2,NA,1,NA
ALL,downreg,Adcyap1.mRNA1,NA,1,1
ALL,downreg,Gnai2.mRNA2,NA,1,1
ALL,downreg,Emp2.mRNA1,NA,1,1
ALL,downreg,Dlat.mRNA1,NA,1,1
ALL,downreg,Il18.mRNA2,NA,1,1
ALL,downreg,Arsa.mRNA2,NA,1,1
ALL,downreg,Gria1.mRNA2,NA,1,1
ALL,downreg,Bid.mRNA2,NA,1,1
ALL,downreg,Rit2.mRNA3,NA,1,1
ALL,downreg,Gabarapl1.mRNA2,NA,1,1
ALL,downreg,Mal2.mRNA2,NA,1,1
ALL,downreg,Cers4.mRNA1,NA,1,1
ALL,downreg,Acot13.mRNA2,NA,1,1
ALL,downreg,Ran.mRNA2,NA,1,NA
ALL,downreg,Tmem47.mRNA1,NA,1,1
ALL,downreg,Snap91.mRNA1,NA,1,NA
ALL,downreg,Smn1.mRNA2,NA,1,1
ALL,downreg,S100a10.mRNA2,NA,1,1
ALL,downreg,Rorb.mRNA1,NA,1,NA
ALL,downreg,Vim.mRNA1,NA,1,1
ALL,downreg,Keap1.mRNA1,NA,1,NA
ALL,downreg,Calm2.mRNA2,NA,1,1
ALL,downreg,Aldh1a1.mRNA1,NA,1,NA
ALL,downreg,Grik2.mRNA2,NA,1,1
ALL,downreg,Map2k4.mRNA2,NA,1,1
ALL,downreg,Gng3.mRNA2,NA,1,1
ALL,downreg,Mapk8.mRNA2,NA,1,1
ALL,downreg,Acvrl1.mRNA2,NA,1,1
ALL,downreg,Crh.mRNA2,NA,1,1
ALL,downreg,Atp6v1g2.mRNA2,NA,1,1
ALL,downreg,Sf3b2.mRNA1,NA,1,NA
ALL,downreg,Atp5b.mRNA2,NA,1,1
ALL,downreg,Cadm3.mRNA1,NA,1,NA
ALL,downreg,Lag3.mRNA1,NA,1,NA
ALL,downreg,Cxcl12.mRNA2,NA,1,1
ALL,downreg,Camk2b.mRNA1,NA,1,NA
ALL,downreg,Trim26.mRNA2,NA,1,NA
ALL,downreg,Chn1.mRNA2,NA,1,1
ALL,downreg,Stambpl1.mRNA2,NA,1,NA
ALL,downreg,Lclat1.mRNA1,NA,1,NA
ALL,downreg,Ntng1.mRNA1,NA,1,NA
ALL,downreg,Vip.mRNA2,NA,1,1
ALL,downreg,Casp8.mRNA1,NA,1,NA
ALL,downreg,Idh1.mRNA1,NA,1,NA
ALL,downreg,Tardbp.mRNA1,NA,1,1
ALL,downreg,Ring1.mRNA2,NA,1,1
ALL,downreg,Atp6v1g1.mRNA2,NA,1,1
ALL,downreg,Olfml3.mRNA1,NA,1,NA
ALL,downreg,Rnasel.mRNA,NA,1,NA
ALL,downreg,Rab2a.mRNA2,NA,1,1
ALL,downreg,Atp6v1d.mRNA2,NA,1,1
ALL,downreg,Dlg4.mRNA2,NA,1,NA
ALL,downreg,Pak1.mRNA1,NA,1,1
ALL,downreg,Htra2.mRNA2,NA,1,1
ALL,downreg,Lsm2.mRNA3,NA,1,1
ALL,downreg,Casp1.mRNA1,NA,1,NA
ALL,downreg,Icam1.mRNA,NA,1,NA
ALL,downreg,Hdac2.mRNA1,NA,1,1
ALL,downreg,Taz.mRNA2,NA,1,1
ALL,downreg,Ppp3cc.mRNA1,NA,1,1
ALL,downreg,Ina.mRNA1,NA,1,NA
ALL,downreg,Gpr34.mRNA2,NA,1,NA
ALL,downreg,Sox2.mRNA1,NA,1,NA
ALL,downreg,Psmd14.mRNA2,NA,NA,1
ALL,downreg,Pcna.mRNA2,NA,NA,1
ALL,downreg,Ppt1.mRNA2,NA,NA,1
ALL,downreg,Txn1.mRNA2,NA,NA,1
ALL,downreg,Homer1.mRNA2,NA,NA,1
ALL,downreg,Polr2j.mRNA2,NA,NA,1
ALL,downreg,Arl6ip5.mRNA2,NA,NA,1
ALL,downreg,Atg5.mRNA2,NA,NA,1
ALL,downreg,Taf9.mRNA2,NA,NA,1
ALL,downreg,Cdk7.mRNA1,NA,NA,1
ALL,downreg,Cst3.mRNA2,NA,NA,1
ALL,downreg,Lamtor3.mRNA2,NA,NA,1
ALL,downreg,Scoc.mRNA2,NA,NA,1
ALL,downreg,Sgce.mRNA1,NA,NA,1
ALL,downreg,Pdhb.mRNA1,NA,NA,1
ALL,downreg,Map1lc3b.mRNA2,NA,NA,1
ALL,downreg,Gabra4.mRNA2,NA,NA,1
ALL,downreg,Clta.mRNA2,NA,NA,1
ALL,downreg,Gtf2b.mRNA2,NA,NA,1
ALL,downreg,Hsd11b1.mRNA1,NA,NA,1
ALL,downreg,Vdac3.mRNA2,NA,NA,1
ALL,downreg,Fabp5.mRNA2,NA,NA,1
ALL,downreg,Cadps.mRNA2,NA,NA,1
ALL,downreg,Tnfrsf12a.mRNA2,NA,NA,1
ALL,downreg,Prkar1a.mRNA2,NA,NA,1
ALL,downreg,Pde1a.mRNA2,NA,NA,1
ALL,downreg,Sirt5.mRNA2,NA,NA,1
ALL,downreg,Psmd10.mRNA2,NA,NA,1
ALL,downreg,Gal3st1.mRNA1,NA,NA,1
ALL,downreg,Negr1.mRNA2,NA,NA,1
ALL,downreg,Prkag1.mRNA2,NA,NA,1
ALL,downreg,Fgf13.mRNA2,NA,NA,1
ALL,downreg,Bad.mRNA3,NA,NA,1
ALL,downreg,Slc25a17.mRNA2,NA,NA,1
ALL,downreg,Panx1.mRNA2,NA,NA,1
ALL,downreg,Lamp1.mRNA1,NA,NA,1
ALL,downreg,Cdc42.mRNA2,NA,NA,1
ALL,downreg,Cck.mRNA2,NA,NA,1
ALL,downreg,Sri.mRNA2,NA,NA,1
ALL,downreg,Ppp2ca.mRNA2,NA,NA,1
ALL,downreg,Ube2g1.mRNA3,NA,NA,1
ALL,downreg,Lamp2.mRNA1,NA,NA,1
ALL,downreg,Pllp.mRNA2,NA,NA,1
ALL,downreg,Tspan7.mRNA1,NA,NA,1
ALL,downreg,Cxcl16.mRNA1,NA,NA,1
ALL,downreg,Meaf6.mRNA1,NA,NA,1
ALL,downreg,Mad2l1.mRNA,NA,NA,1
ALL,downreg,Psmd6.mRNA2,NA,NA,1
ALL,downreg,Glrb.mRNA3,NA,NA,1
ALL,downreg,Tbpl1.mRNA1,NA,NA,1
ALL,downreg,Kcnq5.mRNA1,NA,NA,1
